AY,paid,CL_reserves,msep_sqrt,true_reserves,error
1,3607.75653409433,0,0,0,0
2,3599.25831343695,7.80194193013334,3.85406481536046,20.9159603458939,-13.1140184157605
3,4036.43209769268,25.9426883389192,7.73978892610434,24.3475802209864,1.5951081179328
4,3832.76828785667,37.024458411746,8.16790122873462,44.3781757629294,-7.35371735118341
5,3692.23196513123,53.016218619122,9.9215332481844,61.4285959282661,-8.41237730914402
6,3933.34279874248,80.75907877526,12.8240832385854,81.7632699738903,-1.00419119863034
7,3970.2722755095,112.965159386654,15.0173815631129,104.113267533574,8.85189185308026
8,3900.18653834289,148.671672528825,18.0986855122376,127.834317913129,20.8373546156955
9,3997.01273709604,203.953740560907,26.4202128447364,156.979587976639,46.9741525842686
10,4106.61921130637,267.862790124464,27.8694258738623,265.817653589126,2.04513653533837
11,4089.21149643407,351.656688761508,35.4142799538598,273.830303568877,77.8263851926308
12,4018.4468871467,448.724072744319,42.2935152739154,434.331964872359,14.3921078719597
13,4010.78564272899,586.615896896885,50.4322252354701,507.640040244277,78.975856652608
14,3876.18277250315,766.255030767342,53.5063728092193,766.47597237841,-0.220941611067815
15,3734.65221893122,1028.92671688687,62.8515817593392,978.593760144881,50.3329567419882
16,3363.50161681633,1335.06826049483,68.2269846306211,1320.31727070729,14.7509897875482
17,2987.95744052702,1814.90837799813,81.1176829586787,1837.19162499022,-22.2832469920875
18,2448.69162005519,2506.79755945518,106.271782561959,2512.34704479373,-5.54948533854758
19,1652.50035753354,3562.55356076711,192.159937870001,3340.86529177689,221.688268990215
20,484.625321519741,4628.56677542477,452.336911359519,4643.58403009385,-15.0172546690783
total,69342.4361334051,17968.070688873,574.991656262151,17502.7557128152,465.314976057765
