statistic,raw,adjusted,nominal
minimum,30.0654824078389,4.85654582618645,5.24392189107432
1%,270.692161064935,157.880426499597,204.717801693431
5%,2377.56244160241,1364.65544000019,1762.7820971385
25%,24169.2786184768,14244.0197234495,18401.2041420478
median,78354.8181702496,49877.9479979947,64845.2505675548
75%,204993.524508003,147939.474857819,193639.8867875
95%,629266.822212892,650638.957818259,858498.841175076
99%,1213031.87021508,1852561.76146919,2478840.28776199
99.9%,2327865.67616035,5686468.2909055,7710934.13829509
maximum,12646644.3365392,307951599.514676,331931743.709215
mean,167324.080357142,167324.080357142,220738.110620592
coefficient of variation,1.52037609779788,4.15303171065821,3.81924024022565
