model,task,run,fit,networks,epochs,seconds_fit,seconds_build,seconds_total,seconds_per_epoch,run_seconds,host,cores,workers,threads,time
nncl,nncl.main,paper_q10,j1,1,5,1.22271490097046,0.427300453186035,1.80711269378662,0.244542980194092,32.6875786781311,vm,4,4,1,2026-10-08 11:58:46
nncl,nncl.main,paper_q10,j2,1,5,1.13430786132813,0.318433523178101,1.6257643699646,0.226861572265625,32.6875786781311,vm,4,4,1,2026-10-08 11:58:46
nncl,nncl.main,paper_q10,j3,1,5,0.955869436264038,0.318316221237183,1.43537497520447,0.191173887252808,32.6875786781311,vm,4,4,1,2026-10-08 11:58:46
nncl,nncl.main,paper_q10,j4,1,5,0.873682022094727,0.331246137619019,1.40403985977173,0.174736404418945,32.6875786781311,vm,4,4,1,2026-10-08 11:58:46
nncl,nncl.main,paper_q10,j5,1,5,1.09360980987549,0.322858333587647,1.58691167831421,0.218721961975098,32.6875786781311,vm,4,4,1,2026-10-08 11:58:46
nncl,nncl.main,paper_q10,j6,1,5,1.19085073471069,0.337525606155396,1.72521018981934,0.238170146942139,32.6875786781311,vm,4,4,1,2026-10-08 11:58:46
nncl,nncl.main,paper_q10,j7,1,5,1.19643378257751,0.402422904968262,1.85011672973633,0.239286756515503,32.6875786781311,vm,4,4,1,2026-10-08 11:58:46
nncl,nncl.main,paper_q10,j8,1,5,1.20970678329468,0.317031621932983,1.71710181236267,0.241941356658936,32.6875786781311,vm,4,4,1,2026-10-08 11:58:46
nncl,nncl.main,paper_q10,j9,1,5,1.27466702461243,0.363321542739868,1.87826228141785,0.254933404922485,32.6875786781311,vm,4,4,1,2026-10-08 11:58:46
nncl,nncl.main,paper_q10,j10,1,5,1.28074288368225,0.391258239746094,1.96182441711426,0.25614857673645,32.6875786781311,vm,4,4,1,2026-10-08 11:58:46
nncl,nncl.main,paper_q10,j11,1,5,1.20395708084106,0.413613557815552,1.82011675834656,0.240791416168213,32.6875786781311,vm,4,4,1,2026-10-08 11:58:46
nncl,nncl.main,paper_q10,j12,1,5,0.942845106124878,0.365841150283814,1.47851395606995,0.188569021224976,32.6875786781311,vm,4,4,1,2026-10-08 11:58:46
nncl,nncl.main,paper_q10,j13,1,5,0.904239416122437,0.374229192733765,1.46522903442383,0.180847883224487,32.6875786781311,vm,4,4,1,2026-10-08 11:58:46
nncl,nncl.main,paper_q10,j14,1,5,0.900780916213989,0.365063190460205,1.47257280349731,0.180156183242798,32.6875786781311,vm,4,4,1,2026-10-08 11:58:46
nncl,nncl.main,paper_q10,j15,1,5,1.22897911071777,0.437025308609009,1.89550113677979,0.245795822143555,32.6875786781311,vm,4,4,1,2026-10-08 11:58:46
nncl,nncl.main,paper_q10,j16,1,5,1.26322841644287,0.426346778869629,1.92706751823425,0.252645683288574,32.6875786781311,vm,4,4,1,2026-10-08 11:58:46
nncl,nncl.main,paper_q10,j17,1,5,1.31198692321777,0.413118600845337,1.92589974403381,0.262397384643555,32.6875786781311,vm,4,4,1,2026-10-08 11:58:46
nncl,nncl.main,paper_q10,j18,1,5,1.17895102500916,0.442975759506226,1.84970855712891,0.235790205001831,32.6875786781311,vm,4,4,1,2026-10-08 11:58:46
nncl,nncl.main,paper_q10,j19,1,5,1.18608355522156,0.413289785385132,1.86125016212463,0.237216711044312,32.6875786781311,vm,4,4,1,2026-10-08 11:58:46
nncl,nncl.main,paper_q20,j1,1,5,1.35670351982117,0.510899066925049,2.13113594055176,0.271340703964233,33.6341898441315,vm,4,4,1,2026-10-08 11:59:03
nncl,nncl.main,paper_q20,j2,1,5,1.04608988761902,0.297931432723999,1.54340314865112,0.209217977523804,33.6341898441315,vm,4,4,1,2026-10-08 11:59:03
nncl,nncl.main,paper_q20,j3,1,5,0.933750629425049,0.308151721954346,1.40842533111572,0.18675012588501,33.6341898441315,vm,4,4,1,2026-10-08 11:59:03
nncl,nncl.main,paper_q20,j4,1,5,0.964086532592773,0.30932354927063,1.42850804328918,0.192817306518555,33.6341898441315,vm,4,4,1,2026-10-08 11:59:03
nncl,nncl.main,paper_q20,j5,1,5,1.12774395942688,0.322311162948608,1.64655017852783,0.225548791885376,33.6341898441315,vm,4,4,1,2026-10-08 11:59:03
nncl,nncl.main,paper_q20,j6,1,5,1.10932421684265,0.349024534225464,1.64505481719971,0.22186484336853,33.6341898441315,vm,4,4,1,2026-10-08 11:59:03
nncl,nncl.main,paper_q20,j7,1,5,1.10011768341064,0.371491193771362,1.70214939117432,0.220023536682129,33.6341898441315,vm,4,4,1,2026-10-08 11:59:03
nncl,nncl.main,paper_q20,j8,1,5,1.16610884666443,0.363909482955933,1.69691562652588,0.233221769332886,33.6341898441315,vm,4,4,1,2026-10-08 11:59:03
nncl,nncl.main,paper_q20,j9,1,5,1.08611464500427,0.38335394859314,1.69385290145874,0.217222929000855,33.6341898441315,vm,4,4,1,2026-10-08 11:59:03
nncl,nncl.main,paper_q20,j10,1,5,1.20684957504272,0.389551639556885,1.83881092071533,0.241369915008545,33.6341898441315,vm,4,4,1,2026-10-08 11:59:03
nncl,nncl.main,paper_q20,j11,1,5,1.18734169006348,0.454764127731323,1.84820127487183,0.237468338012695,33.6341898441315,vm,4,4,1,2026-10-08 11:59:03
nncl,nncl.main,paper_q20,j12,1,5,1.32766842842102,0.402258157730103,1.92984652519226,0.265533685684204,33.6341898441315,vm,4,4,1,2026-10-08 11:59:03
nncl,nncl.main,paper_q20,j13,1,5,1.29233503341675,0.385963916778564,1.86401319503784,0.25846700668335,33.6341898441315,vm,4,4,1,2026-10-08 11:59:03
nncl,nncl.main,paper_q20,j14,1,5,1.17901134490967,0.414566516876221,1.86276435852051,0.235802268981934,33.6341898441315,vm,4,4,1,2026-10-08 11:59:03
nncl,nncl.main,paper_q20,j15,1,5,1.18297672271729,0.455309391021729,1.84946990013123,0.236595344543457,33.6341898441315,vm,4,4,1,2026-10-08 11:59:03
nncl,nncl.main,paper_q20,j16,1,5,1.17837142944336,0.366806507110596,1.7861795425415,0.235674285888672,33.6341898441315,vm,4,4,1,2026-10-08 11:59:03
nncl,nncl.main,paper_q20,j17,1,5,1.15917158126831,0.442067623138428,1.81354570388794,0.231834316253662,33.6341898441315,vm,4,4,1,2026-10-08 11:59:03
nncl,nncl.main,paper_q20,j18,1,5,1.16916847229004,0.45962119102478,1.8525550365448,0.233833694458008,33.6341898441315,vm,4,4,1,2026-10-08 11:59:03
nncl,nncl.main,paper_q20,j19,1,5,1.38558769226074,0.417782783508301,2.09280800819397,0.277117538452148,33.6341898441315,vm,4,4,1,2026-10-08 11:59:03
nncl,nncl.main,paper_q5,j1,1,5,1.24200367927551,0.455333709716797,1.94604754447937,0.248400735855103,33.0457208156586,vm,4,4,1,2026-10-08 11:58:42
nncl,nncl.main,paper_q5,j2,1,5,1.08464288711548,0.342105388641357,1.61464262008667,0.216928577423096,33.0457208156586,vm,4,4,1,2026-10-08 11:58:42
nncl,nncl.main,paper_q5,j3,1,5,1.23245644569397,0.328211784362793,1.80164074897766,0.246491289138794,33.0457208156586,vm,4,4,1,2026-10-08 11:58:42
nncl,nncl.main,paper_q5,j4,1,5,1.14227390289307,0.332913875579834,1.7083158493042,0.228454780578613,33.0457208156586,vm,4,4,1,2026-10-08 11:58:42
nncl,nncl.main,paper_q5,j5,1,5,1.09594678878784,0.368102788925171,1.647540807724,0.219189357757568,33.0457208156586,vm,4,4,1,2026-10-08 11:58:42
nncl,nncl.main,paper_q5,j6,1,5,0.978211879730225,0.356342554092407,1.50655055046082,0.195642375946045,33.0457208156586,vm,4,4,1,2026-10-08 11:58:42
nncl,nncl.main,paper_q5,j7,1,5,0.969531297683716,0.344724178314209,1.50397253036499,0.193906259536743,33.0457208156586,vm,4,4,1,2026-10-08 11:58:42
nncl,nncl.main,paper_q5,j8,1,5,1.01727342605591,0.411634922027588,1.64749526977539,0.203454685211182,33.0457208156586,vm,4,4,1,2026-10-08 11:58:42
nncl,nncl.main,paper_q5,j9,1,5,1.48197078704834,0.341522455215454,2.07710552215576,0.296394157409668,33.0457208156586,vm,4,4,1,2026-10-08 11:58:42
nncl,nncl.main,paper_q5,j10,1,5,1.15596199035645,0.381065845489502,1.72906017303467,0.231192398071289,33.0457208156586,vm,4,4,1,2026-10-08 11:58:42
nncl,nncl.main,paper_q5,j11,1,5,1.04081559181213,0.349936962127686,1.57480025291443,0.208163118362427,33.0457208156586,vm,4,4,1,2026-10-08 11:58:42
nncl,nncl.main,paper_q5,j12,1,5,1.32233715057373,0.411750555038452,1.98994588851929,0.264467430114746,33.0457208156586,vm,4,4,1,2026-10-08 11:58:42
nncl,nncl.main,paper_q5,j13,1,5,1.32296276092529,0.399524211883545,1.89051413536072,0.264592552185059,33.0457208156586,vm,4,4,1,2026-10-08 11:58:42
nncl,nncl.main,paper_q5,j14,1,5,1.25203585624695,0.419974803924561,1.84616661071777,0.25040717124939,33.0457208156586,vm,4,4,1,2026-10-08 11:58:42
nncl,nncl.main,paper_q5,j15,1,5,0.947710990905762,0.394925594329834,1.51057028770447,0.189542198181152,33.0457208156586,vm,4,4,1,2026-10-08 11:58:42
nncl,nncl.main,paper_q5,j16,1,5,0.959526777267456,0.37366247177124,1.53491854667664,0.191905355453491,33.0457208156586,vm,4,4,1,2026-10-08 11:58:42
nncl,nncl.main,paper_q5,j17,1,5,1.21571803092957,0.389368534088135,1.80760645866394,0.243143606185913,33.0457208156586,vm,4,4,1,2026-10-08 11:58:42
nncl,nncl.main,paper_q5,j18,1,5,1.26755833625793,0.487705230712891,1.91838622093201,0.253511667251587,33.0457208156586,vm,4,4,1,2026-10-08 11:58:42
nncl,nncl.main,paper_q5,j19,1,5,1.14378261566162,0.405990600585938,1.79044079780579,0.228756523132324,33.0457208156586,vm,4,4,1,2026-10-08 11:58:42
nncl,nncl.main,s1_adam,j1,1,5,1.56575870513916,0.476099729537964,2.23791098594666,0.313151741027832,37.8877234458923,vm,4,4,1,2026-10-08 11:59:22
nncl,nncl.main,s1_adam,j2,1,5,1.42630004882813,0.38100790977478,2.04256391525269,0.285260009765625,37.8877234458923,vm,4,4,1,2026-10-08 11:59:22
nncl,nncl.main,s1_adam,j3,1,5,1.36154508590698,0.324480056762695,1.8686249256134,0.272309017181397,37.8877234458923,vm,4,4,1,2026-10-08 11:59:22
nncl,nncl.main,s1_adam,j4,1,5,1.32447624206543,0.372450590133667,2.05382561683655,0.264895248413086,37.8877234458923,vm,4,4,1,2026-10-08 11:59:22
nncl,nncl.main,s1_adam,j5,1,5,1.52326107025146,0.334255933761597,2.14915370941162,0.304652214050293,37.8877234458923,vm,4,4,1,2026-10-08 11:59:22
nncl,nncl.main,s1_adam,j6,1,5,1.33402109146118,0.373505353927612,1.91224145889282,0.266804218292236,37.8877234458923,vm,4,4,1,2026-10-08 11:59:22
nncl,nncl.main,s1_adam,j7,1,5,1.68747615814209,0.402385234832764,2.28633499145508,0.337495231628418,37.8877234458923,vm,4,4,1,2026-10-08 11:59:22
nncl,nncl.main,s1_adam,j8,1,5,1.53382086753845,0.516145706176758,2.29319930076599,0.30676417350769,37.8877234458923,vm,4,4,1,2026-10-08 11:59:22
nncl,nncl.main,s1_adam,j9,1,5,1.36852979660034,0.339217901229858,2.0434889793396,0.273705959320068,37.8877234458923,vm,4,4,1,2026-10-08 11:59:22
nncl,nncl.main,s1_adam,j10,1,5,1.13546013832092,0.42112135887146,1.7525041103363,0.227092027664185,37.8877234458923,vm,4,4,1,2026-10-08 11:59:22
nncl,nncl.main,s1_adam,j11,1,5,1.07800912857056,0.391226053237915,1.68272829055786,0.215601825714111,37.8877234458923,vm,4,4,1,2026-10-08 11:59:22
nncl,nncl.main,s1_adam,j12,1,5,1.18587589263916,0.419599294662476,1.77196192741394,0.237175178527832,37.8877234458923,vm,4,4,1,2026-10-08 11:59:22
nncl,nncl.main,s1_adam,j13,1,5,1.31857585906982,0.381513118743897,1.9556245803833,0.263715171813965,37.8877234458923,vm,4,4,1,2026-10-08 11:59:22
nncl,nncl.main,s1_adam,j14,1,5,1.5654091835022,0.418450832366943,2.2069079875946,0.313081836700439,37.8877234458923,vm,4,4,1,2026-10-08 11:59:22
nncl,nncl.main,s1_adam,j15,1,5,1.32820177078247,0.419468879699707,2.00501418113709,0.265640354156494,37.8877234458923,vm,4,4,1,2026-10-08 11:59:22
nncl,nncl.main,s1_adam,j16,1,5,1.34083914756775,0.50305962562561,2.03327918052673,0.26816782951355,37.8877234458923,vm,4,4,1,2026-10-08 11:59:22
nncl,nncl.main,s1_adam,j17,1,5,1.27816867828369,0.478997945785523,1.93180966377258,0.255633735656738,37.8877234458923,vm,4,4,1,2026-10-08 11:59:22
nncl,nncl.main,s1_adam,j18,1,5,1.10286808013916,0.399920463562012,1.70395135879517,0.220573616027832,37.8877234458923,vm,4,4,1,2026-10-08 11:59:22
nncl,nncl.main,s1_adam,j19,1,5,1.31114459037781,0.43989634513855,1.95659828186035,0.262228918075562,37.8877234458923,vm,4,4,1,2026-10-08 11:59:22
nncl,nncl.main,s2_early_stop,j1,1,10,2.24174165725708,0.428295135498047,2.92221450805664,0.224174165725708,50.6600434780121,vm,4,4,1,2026-10-08 11:59:33
nncl,nncl.main,s2_early_stop,j2,1,10,2.32932996749878,0.453550100326538,3.07120895385742,0.232932996749878,50.6600434780121,vm,4,4,1,2026-10-08 11:59:33
nncl,nncl.main,s2_early_stop,j3,1,10,1.91364574432373,0.473109483718872,2.58585333824158,0.191364574432373,50.6600434780121,vm,4,4,1,2026-10-08 11:59:33
nncl,nncl.main,s2_early_stop,j4,1,10,2.25293254852295,0.507180690765381,3.03988170623779,0.225293254852295,50.6600434780121,vm,4,4,1,2026-10-08 11:59:33
nncl,nncl.main,s2_early_stop,j5,1,10,1.76743102073669,0.626718521118164,2.61491751670837,0.176743102073669,50.6600434780121,vm,4,4,1,2026-10-08 11:59:33
nncl,nncl.main,s2_early_stop,j6,1,10,2.15532922744751,0.51363730430603,2.88413953781128,0.215532922744751,50.6600434780121,vm,4,4,1,2026-10-08 11:59:33
nncl,nncl.main,s2_early_stop,j7,1,10,2.16151762008667,0.564928770065308,2.93432283401489,0.216151762008667,50.6600434780121,vm,4,4,1,2026-10-08 11:59:33
nncl,nncl.main,s2_early_stop,j8,1,10,1.70440649986267,0.52004861831665,2.39404582977295,0.170440649986267,50.6600434780121,vm,4,4,1,2026-10-08 11:59:33
nncl,nncl.main,s2_early_stop,j9,1,10,1.85243940353394,0.475940227508545,2.58456492424011,0.185243940353394,50.6600434780121,vm,4,4,1,2026-10-08 11:59:33
nncl,nncl.main,s2_early_stop,j10,1,10,1.95180606842041,0.483810901641846,2.6086277961731,0.195180606842041,50.6600434780121,vm,4,4,1,2026-10-08 11:59:33
nncl,nncl.main,s2_early_stop,j11,1,10,2.00651001930237,0.522233724594116,2.73210835456848,0.200651001930237,50.6600434780121,vm,4,4,1,2026-10-08 11:59:33
nncl,nncl.main,s2_early_stop,j12,1,10,1.95456957817078,0.485793828964233,2.74496102333069,0.195456957817078,50.6600434780121,vm,4,4,1,2026-10-08 11:59:33
nncl,nncl.main,s2_early_stop,j13,1,10,2.01707196235657,0.464133262634277,2.71539068222046,0.201707196235657,50.6600434780121,vm,4,4,1,2026-10-08 11:59:33
nncl,nncl.main,s2_early_stop,j14,1,10,1.74632525444031,0.476858377456665,2.40770840644836,0.174632525444031,50.6600434780121,vm,4,4,1,2026-10-08 11:59:33
nncl,nncl.main,s2_early_stop,j15,1,10,1.67163252830505,0.495957612991333,2.32847857475281,0.167163252830505,50.6600434780121,vm,4,4,1,2026-10-08 11:59:33
nncl,nncl.main,s2_early_stop,j16,1,10,1.53307747840881,0.490629196166992,2.21653366088867,0.153307747840881,50.6600434780121,vm,4,4,1,2026-10-08 11:59:33
nncl,nncl.main,s2_early_stop,j17,1,10,2.09433460235596,0.500209093093872,2.81988620758057,0.209433460235596,50.6600434780121,vm,4,4,1,2026-10-08 11:59:33
nncl,nncl.main,s2_early_stop,j18,1,10,1.78236103057861,0.521274328231812,2.48149132728577,0.178236103057861,50.6600434780121,vm,4,4,1,2026-10-08 11:59:33
nncl,nncl.main,s2_early_stop,j19,1,10,1.90775203704834,0.482410907745361,2.57370829582214,0.190775203704834,50.6600434780121,vm,4,4,1,2026-10-08 11:59:33
nncl,nncl.main,s3_cl_start,j1,1,3,1.25900077819824,0.496378660202026,1.95481634140015,0.419666926066081,40.8537473678589,vm,4,4,1,2026-10-08 11:59:28
nncl,nncl.main,s3_cl_start,j2,1,10,1.8752932548523,0.466455698013306,2.66970014572144,0.18752932548523,40.8537473678589,vm,4,4,1,2026-10-08 11:59:28
nncl,nncl.main,s3_cl_start,j3,1,10,1.92706084251404,0.482158422470093,2.63356614112854,0.192706084251404,40.8537473678589,vm,4,4,1,2026-10-08 11:59:28
nncl,nncl.main,s3_cl_start,j4,1,10,1.88204908370972,0.490447044372559,2.58136820793152,0.188204908370972,40.8537473678589,vm,4,4,1,2026-10-08 11:59:28
nncl,nncl.main,s3_cl_start,j5,1,10,1.91526079177856,0.542659044265747,2.71150588989258,0.191526079177856,40.8537473678589,vm,4,4,1,2026-10-08 11:59:28
nncl,nncl.main,s3_cl_start,j6,1,10,2.33950424194336,0.506345748901367,3.05993485450745,0.233950424194336,40.8537473678589,vm,4,4,1,2026-10-08 11:59:28
nncl,nncl.main,s3_cl_start,j7,1,10,1.81103134155273,0.506252765655518,2.47925448417664,0.181103134155273,40.8537473678589,vm,4,4,1,2026-10-08 11:59:28
nncl,nncl.main,s3_cl_start,j8,1,10,2.17955183982849,0.469461441040039,2.85070300102234,0.217955183982849,40.8537473678589,vm,4,4,1,2026-10-08 11:59:28
nncl,nncl.main,s3_cl_start,j9,1,5,1.2802746295929,0.44600772857666,1.91051697731018,0.256054925918579,40.8537473678589,vm,4,4,1,2026-10-08 11:59:28
nncl,nncl.main,s3_cl_start,j10,1,3,1.14605736732483,0.56456446647644,1.88761639595032,0.38201912244161,40.8537473678589,vm,4,4,1,2026-10-08 11:59:28
nncl,nncl.main,s3_cl_start,j11,1,3,1.12121605873108,0.500898361206055,1.85202097892761,0.373738686243693,40.8537473678589,vm,4,4,1,2026-10-08 11:59:28
nncl,nncl.main,s3_cl_start,j12,1,3,1.03947353363037,0.514468669891357,1.74861431121826,0.34649117787679,40.8537473678589,vm,4,4,1,2026-10-08 11:59:28
nncl,nncl.main,s3_cl_start,j13,1,7,1.45048570632935,0.496053218841553,2.1932053565979,0.207212243761335,40.8537473678589,vm,4,4,1,2026-10-08 11:59:28
nncl,nncl.main,s3_cl_start,j14,1,3,0.964143037796021,0.506665468215942,1.68222951889038,0.321381012598674,40.8537473678589,vm,4,4,1,2026-10-08 11:59:28
nncl,nncl.main,s3_cl_start,j15,1,3,1.01535129547119,0.494615793228149,1.72583913803101,0.33845043182373,40.8537473678589,vm,4,4,1,2026-10-08 11:59:28
nncl,nncl.main,s3_cl_start,j16,1,3,1.08057522773743,0.472542762756348,1.72115635871887,0.360191742579142,40.8537473678589,vm,4,4,1,2026-10-08 11:59:28
nncl,nncl.main,s3_cl_start,j17,1,3,0.922583103179932,0.497886419296265,1.59753131866455,0.307527701059977,40.8537473678589,vm,4,4,1,2026-10-08 11:59:28
nncl,nncl.main,s3_cl_start,j18,1,4,1.0210657119751,0.555766820907593,1.74849200248718,0.255266427993774,40.8537473678589,vm,4,4,1,2026-10-08 11:59:28
nncl,nncl.main,s3_cl_start,j19,1,3,1.09791207313538,0.538143634796143,1.84567594528198,0.365970691045125,40.8537473678589,vm,4,4,1,2026-10-08 11:59:28
nncl,nncl_numeric.main,paper_q10,j1,1,5,0.915578842163086,0.538973808288574,1.6233606338501,0.183115768432617,34.4718763828278,vm,4,4,1,2026-10-08 12:00:08
nncl,nncl_numeric.main,paper_q10,j2,1,5,0.963135480880737,0.314934015274048,1.47602653503418,0.192627096176147,34.4718763828278,vm,4,4,1,2026-10-08 12:00:08
nncl,nncl_numeric.main,paper_q10,j3,1,5,1.23560738563538,0.351196765899658,1.83250164985657,0.247121477127075,34.4718763828278,vm,4,4,1,2026-10-08 12:00:08
nncl,nncl_numeric.main,paper_q10,j4,1,5,1.15751528739929,0.375948190689087,1.80961203575134,0.231503057479858,34.4718763828278,vm,4,4,1,2026-10-08 12:00:08
nncl,nncl_numeric.main,paper_q10,j5,1,5,1.0280225276947,0.320825338363647,1.54345369338989,0.20560450553894,34.4718763828278,vm,4,4,1,2026-10-08 12:00:08
nncl,nncl_numeric.main,paper_q10,j6,1,5,1.2812123298645,0.337239503860474,1.86706805229187,0.2562424659729,34.4718763828278,vm,4,4,1,2026-10-08 12:00:08
nncl,nncl_numeric.main,paper_q10,j7,1,5,1.28174066543579,0.497569561004639,2.02367663383484,0.256348133087158,34.4718763828278,vm,4,4,1,2026-10-08 12:00:08
nncl,nncl_numeric.main,paper_q10,j8,1,5,1.38438272476196,0.364163637161255,1.95650410652161,0.276876544952393,34.4718763828278,vm,4,4,1,2026-10-08 12:00:08
nncl,nncl_numeric.main,paper_q10,j9,1,5,1.01796746253967,0.341398477554321,1.57197880744934,0.203593492507935,34.4718763828278,vm,4,4,1,2026-10-08 12:00:08
nncl,nncl_numeric.main,paper_q10,j10,1,5,0.975831031799316,0.340380430221558,1.48595952987671,0.195166206359863,34.4718763828278,vm,4,4,1,2026-10-08 12:00:08
nncl,nncl_numeric.main,paper_q10,j11,1,5,1.09433031082153,0.413561105728149,1.70639586448669,0.218866062164307,34.4718763828278,vm,4,4,1,2026-10-08 12:00:08
nncl,nncl_numeric.main,paper_q10,j12,1,5,1.02660369873047,0.363301753997803,1.57441163063049,0.205320739746094,34.4718763828278,vm,4,4,1,2026-10-08 12:00:08
nncl,nncl_numeric.main,paper_q10,j13,1,5,1.31806039810181,0.374515295028687,1.88323736190796,0.263612079620361,34.4718763828278,vm,4,4,1,2026-10-08 12:00:08
nncl,nncl_numeric.main,paper_q10,j14,1,5,1.46350765228271,0.464204788208008,2.20732808113098,0.292701530456543,34.4718763828278,vm,4,4,1,2026-10-08 12:00:08
nncl,nncl_numeric.main,paper_q10,j15,1,5,1.78393793106079,0.537439107894898,2.53335905075073,0.356787586212158,34.4718763828278,vm,4,4,1,2026-10-08 12:00:08
nncl,nncl_numeric.main,paper_q10,j16,1,5,1.33620429039001,0.404850244522095,1.92680335044861,0.267240858078003,34.4718763828278,vm,4,4,1,2026-10-08 12:00:08
nncl,nncl_numeric.main,paper_q10,j17,1,5,1.16819906234741,0.419998168945313,1.76349639892578,0.233639812469482,34.4718763828278,vm,4,4,1,2026-10-08 12:00:08
nncl,nncl_numeric.main,paper_q10,j18,1,5,1.14322948455811,0.422741889953613,1.76305508613586,0.228645896911621,34.4718763828278,vm,4,4,1,2026-10-08 12:00:08
nncl,nncl_numeric.main,paper_q10,j19,1,5,1.25481534004211,0.439750909805298,1.9236478805542,0.250963068008423,34.4718763828278,vm,4,4,1,2026-10-08 12:00:08
nncl,nncl_numeric.main,paper_q20,j1,1,5,1.21354985237122,0.490716457366943,1.8991003036499,0.242709970474243,34.2350203990936,vm,4,4,1,2026-10-08 12:00:13
nncl,nncl_numeric.main,paper_q20,j2,1,5,1.24055409431458,0.32588529586792,1.7910737991333,0.248110818862915,34.2350203990936,vm,4,4,1,2026-10-08 12:00:13
nncl,nncl_numeric.main,paper_q20,j3,1,5,1.17662119865417,0.342508792877197,1.74363899230957,0.235324239730835,34.2350203990936,vm,4,4,1,2026-10-08 12:00:13
nncl,nncl_numeric.main,paper_q20,j4,1,5,1.21522355079651,0.366992712020874,1.80423474311829,0.243044710159302,34.2350203990936,vm,4,4,1,2026-10-08 12:00:13
nncl,nncl_numeric.main,paper_q20,j5,1,5,1.01640915870667,0.351397752761841,1.53372859954834,0.203281831741333,34.2350203990936,vm,4,4,1,2026-10-08 12:00:13
nncl,nncl_numeric.main,paper_q20,j6,1,5,0.948062896728516,0.37010669708252,1.48538756370544,0.189612579345703,34.2350203990936,vm,4,4,1,2026-10-08 12:00:13
nncl,nncl_numeric.main,paper_q20,j7,1,5,0.942835330963135,0.324535846710205,1.42774677276611,0.188567066192627,34.2350203990936,vm,4,4,1,2026-10-08 12:00:13
nncl,nncl_numeric.main,paper_q20,j8,1,5,1.03859496116638,0.346942663192749,1.7252254486084,0.207718992233276,34.2350203990936,vm,4,4,1,2026-10-08 12:00:13
nncl,nncl_numeric.main,paper_q20,j9,1,5,1.05297160148621,0.382492780685425,1.7411060333252,0.210594320297241,34.2350203990936,vm,4,4,1,2026-10-08 12:00:13
nncl,nncl_numeric.main,paper_q20,j10,1,5,1.26406693458557,0.346768617630005,1.81215453147888,0.252813386917114,34.2350203990936,vm,4,4,1,2026-10-08 12:00:13
nncl,nncl_numeric.main,paper_q20,j11,1,5,1.31131529808044,0.372849941253662,1.96687984466553,0.262263059616089,34.2350203990936,vm,4,4,1,2026-10-08 12:00:13
nncl,nncl_numeric.main,paper_q20,j12,1,5,1.74001526832581,0.398042678833008,2.34892153739929,0.348003053665161,34.2350203990936,vm,4,4,1,2026-10-08 12:00:13
nncl,nncl_numeric.main,paper_q20,j13,1,5,1.44515681266785,0.430499076843262,2.10019040107727,0.289031362533569,34.2350203990936,vm,4,4,1,2026-10-08 12:00:13
nncl,nncl_numeric.main,paper_q20,j14,1,5,1.12680816650391,0.382360696792603,1.68543934822083,0.225361633300781,34.2350203990936,vm,4,4,1,2026-10-08 12:00:13
nncl,nncl_numeric.main,paper_q20,j15,1,5,1.15938758850098,0.379636764526367,1.73995709419251,0.231877517700195,34.2350203990936,vm,4,4,1,2026-10-08 12:00:13
nncl,nncl_numeric.main,paper_q20,j16,1,5,1.33142971992493,0.378793001174927,1.97567200660706,0.266285943984985,34.2350203990936,vm,4,4,1,2026-10-08 12:00:13
nncl,nncl_numeric.main,paper_q20,j17,1,5,1.16809773445129,0.470352172851563,1.83786749839783,0.233619546890259,34.2350203990936,vm,4,4,1,2026-10-08 12:00:13
nncl,nncl_numeric.main,paper_q20,j18,1,5,1.13022398948669,0.407228708267212,1.780437707901,0.226044797897339,34.2350203990936,vm,4,4,1,2026-10-08 12:00:13
nncl,nncl_numeric.main,paper_q20,j19,1,5,1.18877482414246,0.455246210098267,1.83625817298889,0.237754964828491,34.2350203990936,vm,4,4,1,2026-10-08 12:00:13
nncl,nncl_numeric.main,paper_q5,j1,1,5,1.26830863952637,0.549866199493408,2.00017094612122,0.253661727905273,32.6610310077667,vm,4,4,1,2026-10-08 11:59:46
nncl,nncl_numeric.main,paper_q5,j2,1,5,1.1753237247467,0.40780520439148,1.80658674240112,0.235064744949341,32.6610310077667,vm,4,4,1,2026-10-08 11:59:46
nncl,nncl_numeric.main,paper_q5,j3,1,5,1.11573314666748,0.384269237518311,1.6832640171051,0.223146629333496,32.6610310077667,vm,4,4,1,2026-10-08 11:59:46
nncl,nncl_numeric.main,paper_q5,j4,1,5,1.11942791938782,0.307188510894775,1.60869479179382,0.223885583877563,32.6610310077667,vm,4,4,1,2026-10-08 11:59:46
nncl,nncl_numeric.main,paper_q5,j5,1,5,1.02564740180969,0.345233917236328,1.57250285148621,0.205129480361938,32.6610310077667,vm,4,4,1,2026-10-08 11:59:46
nncl,nncl_numeric.main,paper_q5,j6,1,5,0.927725076675415,0.321760654449463,1.40832018852234,0.185545015335083,32.6610310077667,vm,4,4,1,2026-10-08 11:59:46
nncl,nncl_numeric.main,paper_q5,j7,1,5,1.13009333610535,0.320634365081787,1.61620926856995,0.226018667221069,32.6610310077667,vm,4,4,1,2026-10-08 11:59:46
nncl,nncl_numeric.main,paper_q5,j8,1,5,0.95741081237793,0.33682131767273,1.55053567886353,0.191482162475586,32.6610310077667,vm,4,4,1,2026-10-08 11:59:46
nncl,nncl_numeric.main,paper_q5,j9,1,5,1.16847515106201,0.490935325622559,1.83856153488159,0.233695030212402,32.6610310077667,vm,4,4,1,2026-10-08 11:59:46
nncl,nncl_numeric.main,paper_q5,j10,1,5,1.21393346786499,0.344934225082397,1.79525995254517,0.242786693572998,32.6610310077667,vm,4,4,1,2026-10-08 11:59:46
nncl,nncl_numeric.main,paper_q5,j11,1,5,1.21428489685059,0.321602821350098,1.749183177948,0.242856979370117,32.6610310077667,vm,4,4,1,2026-10-08 11:59:46
nncl,nncl_numeric.main,paper_q5,j12,1,5,1.15839743614197,0.343029737472534,1.65975522994995,0.231679487228394,32.6610310077667,vm,4,4,1,2026-10-08 11:59:46
nncl,nncl_numeric.main,paper_q5,j13,1,5,0.847738742828369,0.36296010017395,1.38310647010803,0.169547748565674,32.6610310077667,vm,4,4,1,2026-10-08 11:59:46
nncl,nncl_numeric.main,paper_q5,j14,1,5,1.23296475410461,0.338424682617188,1.76124930381775,0.246592950820923,32.6610310077667,vm,4,4,1,2026-10-08 11:59:46
nncl,nncl_numeric.main,paper_q5,j15,1,5,1.0821533203125,0.511053085327148,1.81834626197815,0.2164306640625,32.6610310077667,vm,4,4,1,2026-10-08 11:59:46
nncl,nncl_numeric.main,paper_q5,j16,1,5,1.17025351524353,0.37815260887146,1.73605227470398,0.234050703048706,32.6610310077667,vm,4,4,1,2026-10-08 11:59:46
nncl,nncl_numeric.main,paper_q5,j17,1,5,1.32137107849121,0.483214855194092,2.01657223701477,0.264274215698242,32.6610310077667,vm,4,4,1,2026-10-08 11:59:46
nncl,nncl_numeric.main,paper_q5,j18,1,5,1.20180153846741,0.412657260894775,1.83079886436462,0.240360307693481,32.6610310077667,vm,4,4,1,2026-10-08 11:59:46
nncl,nncl_numeric.main,paper_q5,j19,1,5,1.1407356262207,0.424215078353882,1.82586121559143,0.228147125244141,32.6610310077667,vm,4,4,1,2026-10-08 11:59:46
nncl,nncl_numeric.main,s1_adam,j1,1,5,1.23429203033447,0.447898864746094,1.85478615760803,0.246858406066895,38.0931949615479,vm,4,4,1,2026-10-08 12:00:25
nncl,nncl_numeric.main,s1_adam,j2,1,5,1.28029036521912,0.392663478851318,1.8552074432373,0.256058073043823,38.0931949615479,vm,4,4,1,2026-10-08 12:00:25
nncl,nncl_numeric.main,s1_adam,j3,1,5,1.26554584503174,0.465622901916504,1.96655821800232,0.253109169006348,38.0931949615479,vm,4,4,1,2026-10-08 12:00:25
nncl,nncl_numeric.main,s1_adam,j4,1,5,1.38470578193665,0.431710004806519,2.00731444358826,0.276941156387329,38.0931949615479,vm,4,4,1,2026-10-08 12:00:25
nncl,nncl_numeric.main,s1_adam,j5,1,5,1.37606692314148,0.537926912307739,2.10470962524414,0.275213384628296,38.0931949615479,vm,4,4,1,2026-10-08 12:00:25
nncl,nncl_numeric.main,s1_adam,j6,1,5,1.40093111991882,0.457274913787842,2.14955902099609,0.280186223983765,38.0931949615479,vm,4,4,1,2026-10-08 12:00:25
nncl,nncl_numeric.main,s1_adam,j7,1,5,1.53096723556519,0.644193410873413,2.36336326599121,0.306193447113037,38.0931949615479,vm,4,4,1,2026-10-08 12:00:25
nncl,nncl_numeric.main,s1_adam,j8,1,5,1.39608335494995,0.486398220062256,2.05777382850647,0.27921667098999,38.0931949615479,vm,4,4,1,2026-10-08 12:00:25
nncl,nncl_numeric.main,s1_adam,j9,1,5,1.28731393814087,0.435574293136597,1.91527080535889,0.257462787628174,38.0931949615479,vm,4,4,1,2026-10-08 12:00:25
nncl,nncl_numeric.main,s1_adam,j10,1,5,1.18754553794861,0.456417798995972,1.89299058914185,0.237509107589722,38.0931949615479,vm,4,4,1,2026-10-08 12:00:25
nncl,nncl_numeric.main,s1_adam,j11,1,5,1.66601014137268,0.528831005096436,2.41906881332397,0.333202028274536,38.0931949615479,vm,4,4,1,2026-10-08 12:00:25
nncl,nncl_numeric.main,s1_adam,j12,1,5,1.34975814819336,0.523598432540894,2.08032321929932,0.269951629638672,38.0931949615479,vm,4,4,1,2026-10-08 12:00:25
nncl,nncl_numeric.main,s1_adam,j13,1,5,1.15488076210022,0.452033281326294,1.77160263061523,0.230976152420044,38.0931949615479,vm,4,4,1,2026-10-08 12:00:25
nncl,nncl_numeric.main,s1_adam,j14,1,5,1.06255531311035,0.445748567581177,1.67346453666687,0.21251106262207,38.0931949615479,vm,4,4,1,2026-10-08 12:00:25
nncl,nncl_numeric.main,s1_adam,j15,1,5,1.30357527732849,0.497420310974121,2.09292674064636,0.260715055465698,38.0931949615479,vm,4,4,1,2026-10-08 12:00:25
nncl,nncl_numeric.main,s1_adam,j16,1,5,1.25991702079773,0.535453081130981,1.97633814811707,0.251983404159546,38.0931949615479,vm,4,4,1,2026-10-08 12:00:25
nncl,nncl_numeric.main,s1_adam,j17,1,5,1.39667415618896,0.537117719650269,2.23307418823242,0.279334831237793,38.0931949615479,vm,4,4,1,2026-10-08 12:00:25
nncl,nncl_numeric.main,s1_adam,j18,1,5,1.15624117851257,0.515037775039673,1.84428691864014,0.231248235702515,38.0931949615479,vm,4,4,1,2026-10-08 12:00:25
nncl,nncl_numeric.main,s1_adam,j19,1,5,1.1298508644104,0.484224319458008,1.83457636833191,0.22597017288208,38.0931949615479,vm,4,4,1,2026-10-08 12:00:25
nncl,nncl_numeric.main,s2_early_stop,j1,1,10,2.33506464958191,0.590669631958008,3.24540948867798,0.233506464958191,47.6384878158569,vm,4,4,1,2026-10-08 12:00:47
nncl,nncl_numeric.main,s2_early_stop,j2,1,10,2.02129411697388,0.32178521156311,2.55386853218079,0.202129411697388,47.6384878158569,vm,4,4,1,2026-10-08 12:00:47
nncl,nncl_numeric.main,s2_early_stop,j3,1,10,2.13680243492126,0.333062410354614,2.6631600856781,0.213680243492126,47.6384878158569,vm,4,4,1,2026-10-08 12:00:47
nncl,nncl_numeric.main,s2_early_stop,j4,1,10,2.2880072593689,0.331899881362915,2.88913822174072,0.22880072593689,47.6384878158569,vm,4,4,1,2026-10-08 12:00:47
nncl,nncl_numeric.main,s2_early_stop,j5,1,10,1.94984197616577,0.353781938552856,2.48711752891541,0.194984197616577,47.6384878158569,vm,4,4,1,2026-10-08 12:00:47
nncl,nncl_numeric.main,s2_early_stop,j6,1,10,1.66150903701782,0.341545581817627,2.1795539855957,0.166150903701782,47.6384878158569,vm,4,4,1,2026-10-08 12:00:47
nncl,nncl_numeric.main,s2_early_stop,j7,1,10,1.42230772972107,0.344852924346924,2.01519441604614,0.142230772972107,47.6384878158569,vm,4,4,1,2026-10-08 12:00:47
nncl,nncl_numeric.main,s2_early_stop,j8,1,10,2.04898142814636,0.369743585586548,2.64844727516174,0.204898142814636,47.6384878158569,vm,4,4,1,2026-10-08 12:00:47
nncl,nncl_numeric.main,s2_early_stop,j9,1,10,1.77399730682373,0.365359306335449,2.34786415100098,0.177399730682373,47.6384878158569,vm,4,4,1,2026-10-08 12:00:47
nncl,nncl_numeric.main,s2_early_stop,j10,1,10,1.57979035377502,0.404361486434937,2.15319347381592,0.157979035377502,47.6384878158569,vm,4,4,1,2026-10-08 12:00:47
nncl,nncl_numeric.main,s2_early_stop,j11,1,10,1.46098875999451,0.361851692199707,1.99722385406494,0.146098875999451,47.6384878158569,vm,4,4,1,2026-10-08 12:00:47
nncl,nncl_numeric.main,s2_early_stop,j12,1,10,1.89542174339294,0.354629516601563,2.44646334648132,0.189542174339294,47.6384878158569,vm,4,4,1,2026-10-08 12:00:47
nncl,nncl_numeric.main,s2_early_stop,j13,1,10,2.11855292320251,0.406812906265259,2.75835871696472,0.211855292320251,47.6384878158569,vm,4,4,1,2026-10-08 12:00:47
nncl,nncl_numeric.main,s2_early_stop,j14,1,10,1.9276807308197,0.415846347808838,2.52556371688843,0.19276807308197,47.6384878158569,vm,4,4,1,2026-10-08 12:00:47
nncl,nncl_numeric.main,s2_early_stop,j15,1,10,1.77839779853821,0.380242824554443,2.34736490249634,0.177839779853821,47.6384878158569,vm,4,4,1,2026-10-08 12:00:47
nncl,nncl_numeric.main,s2_early_stop,j16,1,10,1.92938542366028,0.47266435623169,2.59717082977295,0.192938542366028,47.6384878158569,vm,4,4,1,2026-10-08 12:00:47
nncl,nncl_numeric.main,s2_early_stop,j17,1,10,2.03765034675598,0.390563011169434,2.61435437202454,0.203765034675598,47.6384878158569,vm,4,4,1,2026-10-08 12:00:47
nncl,nncl_numeric.main,s2_early_stop,j18,1,10,2.07975912094116,0.424913644790649,2.68181419372559,0.207975912094116,47.6384878158569,vm,4,4,1,2026-10-08 12:00:47
nncl,nncl_numeric.main,s2_early_stop,j19,1,10,1.77652096748352,0.458052158355713,2.48722672462463,0.177652096748352,47.6384878158569,vm,4,4,1,2026-10-08 12:00:47
nncl,nncl_numeric.main,s3_cl_start,j1,1,7,1.62194061279297,0.399094820022583,2.22176170349121,0.231705801827567,40.8340401649475,vm,4,4,1,2026-10-08 12:00:50
nncl,nncl_numeric.main,s3_cl_start,j2,1,10,1.76903796195984,0.430402517318726,2.36790895462036,0.176903796195984,40.8340401649475,vm,4,4,1,2026-10-08 12:00:50
nncl,nncl_numeric.main,s3_cl_start,j3,1,10,1.43249893188477,0.408377408981323,2.01392984390259,0.143249893188477,40.8340401649475,vm,4,4,1,2026-10-08 12:00:50
nncl,nncl_numeric.main,s3_cl_start,j4,1,10,2.01464557647705,0.400561332702637,2.60339403152466,0.201464557647705,40.8340401649475,vm,4,4,1,2026-10-08 12:00:50
nncl,nncl_numeric.main,s3_cl_start,j5,1,10,2.26477742195129,0.566418886184692,3.00292420387268,0.226477742195129,40.8340401649475,vm,4,4,1,2026-10-08 12:00:50
nncl,nncl_numeric.main,s3_cl_start,j6,1,10,1.63717865943909,0.470580577850342,2.28778624534607,0.163717865943909,40.8340401649475,vm,4,4,1,2026-10-08 12:00:50
nncl,nncl_numeric.main,s3_cl_start,j7,1,10,1.51363325119019,0.444047927856445,2.17446517944336,0.151363325119019,40.8340401649475,vm,4,4,1,2026-10-08 12:00:50
nncl,nncl_numeric.main,s3_cl_start,j8,1,10,2.13021636009216,0.442293167114258,2.75089025497437,0.213021636009216,40.8340401649475,vm,4,4,1,2026-10-08 12:00:50
nncl,nncl_numeric.main,s3_cl_start,j9,1,3,1.13509440422058,0.491224050521851,1.87641215324402,0.37836480140686,40.8340401649475,vm,4,4,1,2026-10-08 12:00:50
nncl,nncl_numeric.main,s3_cl_start,j10,1,8,1.79329681396484,0.50680947303772,2.50772953033447,0.224162101745605,40.8340401649475,vm,4,4,1,2026-10-08 12:00:50
nncl,nncl_numeric.main,s3_cl_start,j11,1,3,1.15412569046021,0.503576040267944,1.8271050453186,0.384708563486735,40.8340401649475,vm,4,4,1,2026-10-08 12:00:50
nncl,nncl_numeric.main,s3_cl_start,j12,1,5,1.3447003364563,0.494993686676025,2.06358122825623,0.26894006729126,40.8340401649475,vm,4,4,1,2026-10-08 12:00:50
nncl,nncl_numeric.main,s3_cl_start,j13,1,10,1.80094027519226,0.503881216049194,2.49751663208008,0.180094027519226,40.8340401649475,vm,4,4,1,2026-10-08 12:00:50
nncl,nncl_numeric.main,s3_cl_start,j14,1,3,1.17810249328613,0.497366905212402,1.8640193939209,0.392700831095378,40.8340401649475,vm,4,4,1,2026-10-08 12:00:50
nncl,nncl_numeric.main,s3_cl_start,j15,1,3,0.99172306060791,0.500267744064331,1.66960573196411,0.33057435353597,40.8340401649475,vm,4,4,1,2026-10-08 12:00:50
nncl,nncl_numeric.main,s3_cl_start,j16,1,3,1.01133489608765,0.497530221939087,1.7281985282898,0.337111632029216,40.8340401649475,vm,4,4,1,2026-10-08 12:00:50
nncl,nncl_numeric.main,s3_cl_start,j17,1,3,1.12857222557068,0.48983907699585,1.8061900138855,0.376190741856893,40.8340401649475,vm,4,4,1,2026-10-08 12:00:50
nncl,nncl_numeric.main,s3_cl_start,j18,1,6,1.23416876792908,0.511459112167358,1.91847109794617,0.205694794654846,40.8340401649475,vm,4,4,1,2026-10-08 12:00:50
nncl,nncl_numeric.main,s3_cl_start,j19,1,3,0.942531824111938,0.536411285400391,1.65215039253235,0.31417727470398,40.8340401649475,vm,4,4,1,2026-10-08 12:00:50
