i,cells,zero_cells,zero_claims,true,NN_zero_claims
2,163,0,0,0,0
3,164,0,0,0,0
4,169,1,1,0,0
5,166,1,1,0,0
6,163,0,0,0,0
7,173,0,0,0,0.0941953239559051
8,172,1,1,0.0415699481517062,0
9,167,0,0,0,0
10,168,0,0,0,0
11,162,1,1,0,0.222279356240965
12,172,1,1,0.00608418502387319,0.417083426579472
13,167,2,2,2.17227907542553,7.39066488453012
14,172,1,1,7.91458615641881,3.72636219261375
15,166,1,1,0.431777969888032,3.67875976408692
16,169,0,0,0,9.68966678688355
17,161,3,3,1.04771337825186,14.3020894467351
18,172,7,8,9.22907180386935,19.7895450998439
19,173,14,17,29.218139612748,46.7672538755558
20,164,30,69,140.523346126458,162.549343173619
