feature,level,mean_notidel,median_notidel,mean_notidel_mult,same_year_pct,base_notidel,mean_setldel,median_setldel,q90_setldel,mean_setldel_mult,over_5y_pct,base_setldel
Legal Representation,Y,0.127685099857024,0.0399113747894129,1.03025387055789,88.0821276902037,0.123935569189254,1.65460932968256,1.09405309127889,3.86364366251676,1.00637095521511,5.35084472139104,1.64413462164047
Legal Representation,N,0.111943547315615,0.0349364119024605,0.8742889965922,89.3316925407043,0.128039524404342,0.853230820304998,0.569915921163354,1.99136066277717,0.528274875283983,0.473305566073457,1.61512663241145
Injury Severity,1,0.134134590137398,0.0419588488439571,1.08194010204514,87.5666484541327,0.123975985254498,1.41641174666847,0.948509532282445,3.30634241197696,0.863119478134362,3.29474160182377,1.64103786619444
Injury Severity,2,0.123454300406721,0.0383053508084865,0.993603082710542,88.4307342098436,0.124249111697539,1.70151610216992,1.14515672461265,3.97772479184922,1.0365103827549,5.64989245872005,1.6415813391541
Injury Severity,3,0.116406921940197,0.0368661809197089,0.943445592295967,88.9274826328152,0.123384880793082,2.0527832842696,1.39641725012555,4.76665743390987,1.24403416462592,8.92848218301764,1.65010201700278
Injury Severity,4,0.111418810209957,0.0347217228344939,0.89369101316254,89.3489333804025,0.124672631333367,2.48362338129299,1.65905589972445,5.76646804105616,1.49976921711887,13.5105149024157,1.65600370573291
Injury Severity,5,0.101903678403165,0.0333471971878373,0.846542970550576,90.1920614596671,0.120376261983356,3.01165403830414,1.98837480534604,7.04552079658939,1.82159852752881,19.2061459667093,1.6533028506505
Injury Severity,6,0.0889970391674767,0.0288755136030457,0.69622606991789,91.5153023140085,0.127827789008206,1.36317912628246,0.925532363204691,3.21743606997506,0.828125976611097,2.91117193331675,1.64610115463464
Age of Claimant,0-15,0.13738884651779,0.0436365400925611,1.10874699423606,87.2659893062754,0.123913613504272,2.06220540822697,1.3763563714992,4.81304570516476,1.25590398382266,9.17171496164207,1.64200881181228
Age of Claimant,15-30,0.123980631748971,0.0389153690072763,1.00772623200606,88.3611970296125,0.123030072862314,1.57779637618241,1.0409588355984,3.67482764050537,0.964144851089099,4.69832817822325,1.63647233545886
Age of Claimant,30-50,0.126353151306873,0.0392980392898536,1.00760919051449,88.2249175113565,0.125398966679091,1.58944065957322,1.05546486037567,3.70865057824557,0.967290858841594,4.76651829374183,1.64318792537407
Age of Claimant,50-65,0.124289288406896,0.038170119525029,1.00736087747563,88.2919918891142,0.123381095281718,1.5160439919365,1.00664617453751,3.54967229252782,0.91735780367212,4.15544012666315,1.65262015090282
Age of Claimant,over 65,0.124734819793431,0.0391295508666251,1.00780629577382,88.3856915227974,0.123768645141928,1.4312494162767,0.953223460809355,3.33420431227741,0.869281493706784,3.43678278538746,1.64647404395275
Vehicle type,Passenger,0.128165239170296,0.040087492695498,1.03401398448881,88.0377663879148,0.123949231918423,1.63033139702785,1.07216468282647,3.81822355069471,0.992249949622336,5.19179929862423,1.6430652353758
Vehicle type,Light Commerical,0.116949787160533,0.0358629088952722,0.931856217457466,88.9630390143737,0.125501965828619,1.66674201793335,1.08796202572821,3.88006398680123,1.007648937555,5.54414784394251,1.65408998691309
Vehicle type,Medium goods,0.0968087879976534,0.0300427947935785,0.808918367441861,92.093023255814,0.119676832538496,1.73186501684901,1.11930415939469,4.05587502127197,1.07845011627907,5.86046511627907,1.60588328630757
Vehicle type,Heavy goods,0.0925297805292815,0.0296101767400911,0.799830259117083,90.595009596929,0.11568677163005,1.8851938294072,1.2411684471182,4.44107680155528,1.14401309021113,8.44529750479846,1.64787784819776
Business use,Y,0.109928338168747,0.0341857554948457,0.8816707268431,89.6768385993339,0.124681850969869,1.71238978616868,1.12493376307696,4.00160939631164,1.03769038563327,5.84571068503016,1.65019336198596
Business use,N,0.13006867760307,0.0407708831097269,1.0494544408368,87.8630207864009,0.12393932746557,1.62067212772634,1.06567282759853,3.79469050643618,0.98663319131279,5.12116922415071,1.64262883308224
