AY,true,NN,NN_zero_claims,CL,msep_sqrt
1,0,0,0,0,0
2,0.3,-25,0,0.1,0
3,0.3,-1.9,0,0.1,0
4,0.9,-16.9,0,4.1,7.9
5,3.1,24,0,6.4,7.9
6,2.5,45.8,0,8.9,8.8
7,5.2,29.7,0,11.9,9.1
8,10.6,79.9,0,17.2,9.5
9,9.5,67,0,26.8,10.6
10,46,140.7,0,37.8,11.6
11,37.8,122.8,0,63,16.8
12,86.8,153.8,0,91.3,20.6
13,107,164.2,0,136.4,26
14,255.7,269.7,0,205,28.5
15,324.1,418.5,0,304.7,32.3
16,531.5,668.5,0,473.8,44.1
17,776.5,929.2,0,785,53.5
18,1314.1,1545.5,4.7,1288.5,67.5
19,2150.7,2559.2,8.8,2225.3,95.7
20,3964,4104.9,61.7,3793.1,209.1
total,9626.8,11279.7,75.3,9479.4,285.4
