origin,1,2,3,4,5,6,7,8,9,10,11,12,13,14,15,16,17,18,19,20
1,843.720764160156,1440.44030761719,901.529602050781,573.435241699219,400.933044433594,281.492340087891,180.692794799805,145.493591308594,114.175331115723,74.9374084472656,94.1946563720703,36.5024337768555,43.8681373596191,34.0499534606934,18.8511276245117,16.1895065307617,21.3161945343018,40.9565200805664,0.157934799790382,0.743360161781311
2,994.073486328125,1697.05603027344,1062.18249511719,675.614501953125,472.357574462891,331.627471923828,212.869369506836,171.401153564453,134.505828857422,88.2811737060547,110.967361450195,43.0025978088379,51.6798706054688,40.1134300231934,22.2081489562988,19.0725402832031,25.1121597290039,48.2497978210449,0.186060920357704,0.875739097595215
3,1237.38452148438,2112.345703125,1322.16333007813,840.954528808594,587.923522949219,412.742462158203,264.927917480469,213.317367553711,167.399276733398,109.871154785156,138.104797363281,53.5201225280762,64.3194580078125,49.9243850708008,27.6400108337402,23.7374992370606,31.2542877197266,60.0505790710449,0.231569364666939,1.08993208408356
4,1424.90966796875,2432.43359375,1522.53881835938,968.378662109375,676.982421875,475.248748779297,305.042144775391,245.616134643555,192.745681762695,126.507911682129,159.016021728516,61.6249618530274,74.0594863891602,57.4847602844238,31.8258838653565,27.3323860168457,35.9874992370606,69.1441650390625,0.266638427972794,1.25498938560486
5,1541.87573242188,2632.08764648438,1647.51977539063,1047.85522460938,732.528198242188,514.232666015625,330.059692382813,265.759307861328,208.552917480469,136.883392333984,172.057312011719,66.6796417236328,80.1339340209961,62.1998748779297,34.4365081787109,29.5744323730469,38.9394569396973,74.8155517578125,0.288509249687195,1.35792946815491
6,1930.51977539063,3295.49682617188,2062.79736328125,1311.93115234375,917.086486816406,643.755187988281,413.174285888672,332.678833007813,261.066711425781,171.352127075195,215.381881713867,83.4722137451172,100.314208984375,77.8644104003906,43.1095809936523,37.0230255126953,48.7465476989746,93.6567153930664,0.361167818307877,1.69991564750671
7,2206.388671875,3766.40478515625,2357.57202148438,1499.38012695313,1048.09155273438,735.691223144531,472.1650390625,380.173248291016,298.335968017578,195.814025878906,246.129180908203,95.3897399902344,114.636032104492,88.9814682006836,49.2648963928223,42.309326171875,55.7066535949707,107.02815246582,0.412732392549515,1.94262027740479
8,2503.03247070313,4272.78271484375,2674.54443359375,1700.95031738281,1188.96923828125,834.554992675781,535.597717285156,431.242431640625,338.409088134766,222.11555480957,279.18896484375,108.203308105469,130.03450012207,100.934272766113,55.8830718994141,47.9931793212891,63.1901054382324,121.404800415039,0.468173265457153,2.20357394218445
9,3001.119140625,5123.0234375,3206.76538085938,2039.41455078125,1425.5322265625,1000.57055664063,642.111022949219,516.9921875,405.692962646484,266.273803710938,334.695587158203,129.715682983398,155.886703491211,121.001571655273,66.9942016601563,57.5356559753418,75.7539291381836,145.541549682617,0.561248302459717,2.64167237281799
10,3690.7744140625,6300.2607421875,3943.67407226563,2508.07666015625,1753.11682128906,1230.47338867188,789.611633300781,635.735107421875,498.860015869141,327.414154052734,411.551696777344,159.498779296875,191.678649902344,148.784027099609,82.3769302368164,70.7467498779297,93.1478729248047,178.958312988281,0.690097033977509,3.24818015098572
11,4193.8056640625,7158.9296875,4481.169921875,2849.9306640625,1992.07849121094,1398.18994140625,897.216613769531,722.359130859375,566.823974609375,372.011840820313,467.615509033203,181.221725463867,217.784652709961,169.047607421875,93.5963973999023,80.3823089599609,105.834259033203,203.331649780273,0.78406697511673,3.69051718711853
12,4833.619140625,8251.0673828125,5164.8193359375,3284.75317382813,2296.04223632813,1611.53820800781,1034.10375976563,832.555725097656,653.281372070313,428.742004394531,538.932739257813,208.851867675781,250.990341186523,194.821502685547,107.866348266602,92.6375579833984,121.969963073731,234.333236694336,0.903576791286469,4.25309753417969
13,5711.5986328125,9749.7373046875,6102.9462890625,3881.45581054688,2713.18627929688,1904.34460449219,1221.98461914063,983.804809570313,771.946166992188,506.602142333984,636.816101074219,246.769866943359,296.560638427734,230.191680908203,127.448516845703,109.455024719238,144.112655639648,276.878570556641,1.06755805015564,5.02505111694336
14,6723.6015625,11477.1787109375,7184.283203125,4569.26123046875,3194.041015625,2241.89111328125,1438.58837890625,1158.18151855469,908.757629394531,596.36669921875,749.667175292969,290.481048583984,349.0947265625,270.965545654297,150.021041870117,128.840454101563,169.636993408203,325.924865722656,1.256556391716,5.91480875015259
15,7786.59765625,13291.634765625,8320.0966796875,5291.73828125,3699.14672851563,2596.47705078125,1666.14392089844,1341.3798828125,1052.49377441406,690.674865722656,868.231201171875,336.401519775391,404.285339355469,313.799865722656,173.732940673828,149.204116821289,196.449981689453,377.450775146484,1.45506358146667,6.84937000274658
16,8904.1484375,15199.2099609375,9514.2080078125,6051.30224609375,4230.1943359375,2969.2880859375,1905.41015625,1534.01208496094,1203.63562011719,789.843933105469,992.905700683594,384.686889648438,462.319061279297,358.839935302734,198.664474487305,170.615081787109,224.642395019531,431.631042480469,1.66374862194061,7.83189964294434
17,10615.3232421875,18120.06640625,11342.6005859375,7214.3486328125,5043.35302734375,3540.1640625,2271.81396484375,1829.01220703125,1435.1064453125,941.725158691406,1183.84606933594,458.636383056641,551.199340820313,427.818542480469,236.845077514648,203.403610229492,267.817108154297,514.608947753906,1.98326945304871,9.33635807037354
18,12443.6123046875,21240.783203125,13296.123046875,8456.98828125,5912.17236328125,4150.1357421875,2663.32861328125,2144.24072265625,1682.45764160156,1104.03527832031,1387.89196777344,537.6650390625,646.184814453125,501.534698486328,277.645904541016,238.441940307617,313.955383300781,603.286315917969,2.32464718818665,10.943826675415
19,14799.748046875,25262.572265625,15813.6630859375,10058.421875,7031.8544921875,4936.2451171875,3167.92163085938,2550.52416992188,2001.26989746094,1313.25109863281,1650.89660644531,639.535705566406,768.624267578125,596.557556152344,330.238189697266,283.605712890625,373.427978515625,717.594970703125,2.76458358764648,13.0155334472656
20,16583.62890625,28307.529296875,17719.73828125,11270.8935546875,7879.59326171875,5531.427734375,3549.97192382813,2858.1494140625,2242.66943359375,1471.67431640625,1850.04443359375,716.67919921875,861.343505859375,668.515258789063,370.064270019531,317.806182861328,418.464660644531,804.156982421875,3.0976665019989,14.5841655731201
