AY,T0,T1,T2,T3,T4,T5,T6,T7,reported,unreported
1,17650,2302,102,17,1,1,0,0,20073,0
2,17436,2286,106,17,2,0,0,0,19847,0
3,17353,2224,124,16,5,1,0,0,19723,0
4,17464,2306,113,18,3,0,1,0,19905,0
5,17731,2217,105,15,2,0,0,0,20070,0
6,17800,2217,107,13,6,1,0,1,20145,0
7,17554,2273,102,16,2,1,0,0,19948,0
8,17658,2143,115,14,1,0,1,0,19932,0
9,17463,2332,130,14,0,2,1,0,19942,0
10,17535,2322,88,16,4,3,0,0,19968,0
11,17515,2213,90,22,6,1,0,0,19847,0
12,17790,2271,111,14,4,0,0,0,20190,0
13,17719,2242,100,19,5,2,0,0,20087,0
14,17696,2223,84,23,4,0,0,,20030,0
15,17552,2215,105,11,1,2,,,19886,0
16,17621,2213,119,19,7,,,,19979,2
17,17682,2181,98,9,,,,,19970,6
18,17385,2225,110,,,,,,19720,23
19,17665,2229,,,,,,,19894,112
20,17811,,,,,,,,17811,2458
