hidden,optimizer,training,seeds,diverged,reserve_mean,reserve_sd,bias_pct_mean,bias_pct_sd,bias_pct_min,bias_pct_median,bias_pct_max,closer_than_cl,nagging_bias_pct_1,nagging_bias_pct_2
20,sgd,paper,20,0,711046.77,731219.13,217.34,326.35,16.72,100.95,1302.78,0,-0.22,-1.01
20,sgd,early_stop,20,0,279134,38574.58,24.58,17.22,2.55,20.88,55.41,0,-1.02,2.76
20,sgd_momentum,paper,20,0,236310.12,23969.68,5.47,10.7,-36.46,7.49,16.77,0.05,-1.23,3.12
20,sgd_momentum,early_stop,20,0,194594.88,69978.85,-13.15,31.23,-86.37,-13.22,73.5,0,-36,-0.22
20,sgd_nesterov,paper,20,0,246262.71,10298.95,9.91,4.6,1.66,10.39,17.23,0,4.07,3.43
20,sgd_nesterov,early_stop,20,0,218033.11,40590.08,-2.69,18.12,-54.55,1.6,16.79,0.05,-17.15,-1.68
20,adagrad,paper,20,0,293012.91,101357.86,30.77,45.24,6.37,16.7,192.76,0,0.52,-2.42
20,adagrad,early_stop,20,0,238973.9,20775.06,6.65,9.27,-10.4,6.94,24.49,0.05,-3.76,-0.9
20,adadelta,paper,20,0,943771.51,2094401.14,321.21,934.74,2.27,41.27,4017.27,0,9.64,1.33
20,adadelta,early_stop,20,0,238233.09,86948.52,6.32,38.81,-94.62,0.93,106.72,0.15,-11.26,0.33
20,rmsprop,paper,20,0,294272.86,89716.7,31.33,40.04,-3.12,17,152.49,0,4.34,-3.86
20,rmsprop,early_stop,20,0,220713.43,71965.25,-1.5,32.12,-94.45,-3.32,95.3,0,-5.03,-11.26
20,adam,paper,20,0,959414.47,1870051.91,328.19,834.61,3.75,72.09,3561.04,0,1.81,-24.33
20,adam,early_stop,20,0,277464.33,130684.44,23.83,58.32,-91.87,11.47,147.27,0,7.64,7.79
20,adamw,paper,20,0,956807.04,1861689.96,327.03,830.88,3.72,71.97,3544.02,0,1.8,-24.31
20,adamw,early_stop,20,0,277243.06,130544.39,23.73,58.26,-91.93,11.4,147.11,0,7.64,7.78
20,adamax,paper,20,0,17365517.1,69353813.02,7650.28,30952.79,10.94,226.17,138866.98,0,31.87,-21.67
20,adamax,early_stop,20,0,330675.63,224393.74,47.58,100.15,-89.15,16.72,356.72,0,1.05,8.34
20,nadam,paper,20,0,1330260.46,3111015.93,493.7,1388.45,5.95,92.91,6089.43,0,3.05,-27.17
20,nadam,early_stop,20,0,268215.11,118675.36,19.71,52.97,-94.13,12.24,153.04,0.1,2.07,9.09
20-20-15,sgd,paper,20,0,313772.82,41449.22,40.04,18.5,13.9,36.77,97.58,0,0.25,-0.23
20-20-15,sgd,early_stop,20,0,247840.64,10639.06,10.61,4.75,3.39,9.36,23.47,0,-1.84,-2.14
20-20-15,sgd_momentum,paper,20,6,196443.18,50661.01,-12.33,22.61,-43.44,2.08,6.77,0,,
20-20-15,sgd_momentum,early_stop,20,0,192469.95,44759.11,-14.1,19.98,-62.85,-13.64,19.05,0,-13.94,-21.8
20-20-15,sgd_nesterov,paper,20,8,184879.24,53495.64,-17.49,23.88,-42.56,-16.93,6.68,0,,
20-20-15,sgd_nesterov,early_stop,20,0,200359.77,53914.38,-10.58,24.06,-86.3,-4.49,16.33,0.1,-9.25,-19.98
20-20-15,adagrad,paper,20,0,257790.38,19575.76,15.05,8.74,4.4,13.11,41.97,0,3.02,3.53
20-20-15,adagrad,early_stop,20,0,223000.91,35179.52,-0.47,15.7,-46.4,3.42,15.68,0,-1.8,-11.05
20-20-15,adadelta,paper,20,0,269571.24,41169.71,20.31,18.37,-12.59,21.6,60.45,0,5.24,0.53
20-20-15,adadelta,early_stop,20,0,227792.62,22248.54,1.66,9.93,-14.55,0.56,22.72,0.05,-14.34,-7.63
20-20-15,rmsprop,paper,20,0,270963.3,72815.77,20.93,32.5,-42.77,24.93,96.07,0,18.35,5.22
20-20-15,rmsprop,early_stop,20,0,185227.14,22005.96,-17.33,9.82,-42.07,-15.55,-2.99,0,-26.76,-19.05
20-20-15,adam,paper,20,0,267970.71,35996.81,19.6,16.07,3.61,13.36,67.05,0,-0.13,-0.09
20-20-15,adam,early_stop,20,0,228545.76,30837.75,2,13.76,-40.09,4.45,21.52,0.05,-1.09,-10.37
20-20-15,adamw,paper,20,0,267838.09,35894.56,19.54,16.02,3.6,13.3,66.86,0,-0.13,-0.08
20-20-15,adamw,early_stop,20,0,228434.52,30872.89,1.95,13.78,-40.28,4.44,21.44,0.05,-1.1,-10.37
20-20-15,adamax,paper,20,0,528477.01,708061.27,135.86,316.01,4.25,26.8,1401.04,0,-4.54,-6.45
20-20-15,adamax,early_stop,20,0,250332.36,30629.73,11.72,13.67,-8.62,8.38,46.88,0,-3.18,1.77
20-20-15,nadam,paper,20,0,270501.11,39427.52,20.73,17.6,3.72,13.83,74.79,0,-1.08,-0.28
20-20-15,nadam,early_stop,20,0,244684.63,20739.04,9.2,9.26,1.19,7.08,43.11,0,-0.77,5.22
20-15-10,sgd,paper,20,0,400317.56,115153.83,78.66,51.39,32.88,58.16,192.8,0,3.58,0.56
20-15-10,sgd,early_stop,20,0,267368.6,27401.8,19.33,12.23,-12.55,21.47,35.24,0,-2.16,-1.89
20-15-10,sgd_momentum,paper,20,2,171634.24,109241.06,-23.4,48.75,-195.56,1.32,12.32,0,,
20-15-10,sgd_momentum,early_stop,20,0,213643.7,40835.54,-4.65,18.23,-45.68,-2.74,24.14,0.1,-13.82,-4.47
20-15-10,sgd_nesterov,paper,20,7,160592.62,110876.7,-28.33,49.48,-175.22,-34.53,11.48,0.08,,
20-15-10,sgd_nesterov,early_stop,20,0,205720.01,43326.67,-8.19,19.34,-52.52,-2.46,25.91,0.05,-24.63,-1.06
20-15-10,adagrad,paper,20,0,276649.81,53257.35,23.47,23.77,5.08,16.81,115.55,0,4.21,1.78
20-15-10,adagrad,early_stop,20,0,235214.03,51017.7,4.98,22.77,-74.38,7.7,43.15,0.1,-7.71,-0.62
20-15-10,adadelta,paper,20,0,368363.67,303227.04,64.4,135.33,-38.01,21.6,569.11,0,-5.79,9.33
20-15-10,adadelta,early_stop,20,0,234954.99,36875.86,4.86,16.46,-28.51,2.21,43.57,0.1,-9.24,-10.5
20-15-10,rmsprop,paper,20,0,238877.55,63704.2,6.61,28.43,-49.22,5.03,65.7,0,-13.56,5.24
20-15-10,rmsprop,early_stop,20,0,191273.58,20138.93,-14.63,8.99,-32.52,-14.26,1.48,0,-21.32,-17.95
20-15-10,adam,paper,20,0,366148.11,316452.1,63.41,141.23,4.55,16.81,598.28,0,-2.11,-2.08
20-15-10,adam,early_stop,20,0,257890.12,98774.38,15.1,44.08,-23.51,6.26,193.58,0,12.02,-4.72
20-15-10,adamw,paper,20,0,365661.95,315431.53,63.2,140.78,4.53,16.76,596.49,0,-2.12,-2.08
20-15-10,adamw,early_stop,20,0,257657.47,98504.81,14.99,43.96,-23.53,6.23,193.03,0,12,-4.72
20-15-10,adamax,paper,20,0,2361786.46,7446271.72,954.07,3323.29,10.07,30.89,14798.75,0,-6.5,-1.95
20-15-10,adamax,early_stop,20,0,316114.82,225206.38,41.08,100.51,-20.69,9.89,432.47,0.1,13.32,-2.2
20-15-10,nadam,paper,20,0,417688.58,470729.67,86.42,210.09,5.14,18.36,893.3,0,-1.7,-1.34
20-15-10,nadam,early_stop,20,0,265348.17,101277.76,18.43,45.2,-23.3,7.64,201.9,0.1,14.52,-1.44
