calendar_year,payments,nominal,constant,index,outstanding_pct
1,34164,871.530960793804,782.709947515712,1.11347883537191,
2,70820,2432.83847390576,1901.00839483919,1.2797620886422,
3,83344,3734.71800231812,2497.42081859913,1.49542999501903,
4,89736,5523.50683196878,3141.41231380738,1.75828776365695,
5,93162,6067.34576503584,2949.94242168564,2.0567675221162,
6,95536,7511.45583787953,3120.13626010859,2.40741275754993,
7,96668,9109.88016453418,3221.13399803335,2.82815932839062,
8,96526,10957.9084232396,3310.60510575411,3.3099412564168,
9,96273,12641.4050288099,3255.611335413,3.88295890584441,
10,96631,14574.9825200738,3197.12833345955,4.55877306129356,
11,96560,17574.4045383961,3286.48039890599,5.34748497031849,
12,96840,21631.2198376373,3450.8709352181,6.26833638339771,
13,97745,25249.9008376878,3437.12654341605,7.34622380606119,
14,96177,28923.6906589336,3351.96032637263,8.62888812596234,
15,95909,33865.5421757547,3345.00775844762,10.1242043729882,
16,96338,38535.7633807126,3245.63264728432,11.8731130625507,
17,96736,45736.319561983,3284.30438628253,13.925724958079,
18,95208,54271.8455811885,3318.29686310918,16.3553316113908,
19,95970,63512.5054661384,3317.01828324583,19.1474692156321,
20,96253,71999.2461279218,3200.86737731433,22.4936673847238,
21,63594,66904.7588373055,2555.75132596723,26.1781176273029,29.156552766209
22,25767,45565.4015447143,1485.82593597466,30.6667156909095,19.8570334538175
23,11986,30997.9515091617,860.460569384327,36.024836711973,13.5086565519061
24,5953,19080.9337410086,452.9558364101,42.1253733967411,8.31531659505884
25,3348,16547.0834926684,333.068335404151,49.6807463627241,7.21108515096894
26,1860,11292.3506702945,194.892325778332,57.9414844848138,4.9211150879957
27,1001,6808.225825106,100.036709993143,68.0572744302833,2.96696974869426
28,617,8145.49053889446,101.626932371437,80.1509043795932,3.5497388949784
29,389,5018.63594695148,52.9480757668655,94.7841045073844,2.18708095424887
30,218,2813.48304064397,26.3467232081779,106.786829558018,1.22609315326655
31+,435,16293.0000526143,78.7609210719114,206.866550452581,7.10035764285594
