method,total
"ccODP, phi pearson",9953.8932761319
"ccODP, phi pearson",9407.94604777806
"ccODP, phi pearson",9642.55678798199
"ccODP, phi pearson",9386.72700523498
"ccODP, phi pearson",9181.0201624332
"ccODP, phi pearson",9332.44929384958
"ccODP, phi pearson",9615.31953692324
"ccODP, phi pearson",9598.32230400395
"ccODP, phi pearson",9177.78942826376
"ccODP, phi pearson",9444.50440657219
"ccODP, phi pearson",9296.01883939932
"ccODP, phi pearson",9573.62066170969
"ccODP, phi pearson",9906.16815551666
"ccODP, phi pearson",9721.33588347802
"ccODP, phi pearson",9542.98862038783
"ccODP, phi pearson",9505.31580067224
"ccODP, phi pearson",9789.70729976976
"ccODP, phi pearson",9301.57917039382
"ccODP, phi pearson",9511.35687099478
"ccODP, phi pearson",9264.64017118867
"ccODP, phi pearson",9645.95731037897
"ccODP, phi pearson",9331.72507098801
"ccODP, phi pearson",9366.9310512808
"ccODP, phi pearson",9045.01238649916
"ccODP, phi pearson",9570.06875509378
"ccODP, phi pearson",9570.16904242991
"ccODP, phi pearson",9249.49791238383
"ccODP, phi pearson",9511.49192218912
"ccODP, phi pearson",9213.33335693293
"ccODP, phi pearson",9443.68145087796
"ccODP, phi pearson",9441.97900991906
"ccODP, phi pearson",9220.80754690553
"ccODP, phi pearson",9597.8983586981
"ccODP, phi pearson",9301.6787292382
"ccODP, phi pearson",9597.8286221015
"ccODP, phi pearson",9285.6408812011
"ccODP, phi pearson",9458.87466406809
"ccODP, phi pearson",9539.10032234899
"ccODP, phi pearson",9419.23410517985
"ccODP, phi pearson",9104.13441970813
"ccODP, phi pearson",9845.47784295713
"ccODP, phi pearson",9490.65040406084
"ccODP, phi pearson",9400.95330565
"ccODP, phi pearson",8980.57449936806
"ccODP, phi pearson",9289.8813011522
"ccODP, phi pearson",9571.1689225466
"ccODP, phi pearson",9662.7038434152
"ccODP, phi pearson",9404.15147221353
"ccODP, phi pearson",9662.62738376656
"ccODP, phi pearson",9643.6371548056
"ccODP, phi deviance",9934.65647957614
"ccODP, phi deviance",9461.23298346705
"ccODP, phi deviance",9630.10336474675
"ccODP, phi deviance",9134.21974690782
"ccODP, phi deviance",9133.80996274068
"ccODP, phi deviance",9750.08698620446
"ccODP, phi deviance",9179.94389891887
"ccODP, phi deviance",9364.12760415227
"ccODP, phi deviance",9265.14301491472
"ccODP, phi deviance",9302.66768594884
"ccODP, phi deviance",9526.42741090271
"ccODP, phi deviance",9970.10094203693
"ccODP, phi deviance",9385.73905369428
"ccODP, phi deviance",9277.67045155958
"ccODP, phi deviance",9825.48066919267
"ccODP, phi deviance",9138.19163380328
"ccODP, phi deviance",9839.12822379756
"ccODP, phi deviance",9255.32955910256
"ccODP, phi deviance",9179.30285141984
"ccODP, phi deviance",9262.78140835813
"ccODP, phi deviance",9658.74496731376
"ccODP, phi deviance",9857.749706839
"ccODP, phi deviance",9314.83196925785
"ccODP, phi deviance",9464.94325143044
"ccODP, phi deviance",9577.54800660992
"ccODP, phi deviance",9615.08214852121
"ccODP, phi deviance",9529.71027129889
"ccODP, phi deviance",9809.36704849007
"ccODP, phi deviance",8965.5866722732
"ccODP, phi deviance",9257.11453151872
"ccODP, phi deviance",9271.1461743266
"ccODP, phi deviance",9646.77058655285
"ccODP, phi deviance",9376.3125050608
"ccODP, phi deviance",9330.6607083752
"ccODP, phi deviance",9557.09428710082
"ccODP, phi deviance",9347.41050957054
"ccODP, phi deviance",9583.10183043231
"ccODP, phi deviance",9444.29746934495
"ccODP, phi deviance",9391.23857806391
"ccODP, phi deviance",9111.02449132423
"ccODP, phi deviance",9349.21509101538
"ccODP, phi deviance",9631.09348553899
"ccODP, phi deviance",9865.92487431409
"ccODP, phi deviance",9048.14180077541
"ccODP, phi deviance",9477.40706795937
"ccODP, phi deviance",9326.94439327391
"ccODP, phi deviance",9476.21378591685
"ccODP, phi deviance",9789.02140206516
"ccODP, phi deviance",9569.68170894651
"ccODP, phi deviance",9481.79113572358
"bCCNN, phi deviance",10108.6919141425
"bCCNN, phi deviance",9212.06143015745
"bCCNN, phi deviance",9819.7981594218
"bCCNN, phi deviance",9282.11271262232
"bCCNN, phi deviance",9571.77239990299
"bCCNN, phi deviance",9563.1771779067
"bCCNN, phi deviance",9729.95158803591
"bCCNN, phi deviance",9411.29042053313
