method,origin,phi,reserve,boot_mean,process_sd,estimation_sd,rmsep,mc_se
"ccODP, phi pearson",2,2.66960941530434,0.0510862462527003,2.57415829734454e-11,0.369297067398002,5.83973394341474e-12,0.369297067398002,1.45379506733151e-23
"ccODP, phi pearson",3,2.66960941530434,0.0733900515531244,5.82035424752685e-11,0.442631644390561,1.32521482863899e-11,0.442631644390561,6.24425156837512e-23
"ccODP, phi pearson",4,2.66960941530434,4.11439282447785,4.28265858681126,3.31418494089975,1.75051280840409,3.74808176469957,0.063544890327554
"ccODP, phi pearson",5,2.66960941530434,6.39495211422474,6.52861013055786,4.1318306323656,1.96154116598211,4.57380237006336,0.0765366560337155
"ccODP, phi pearson",6,2.66960941530434,8.89310221244974,8.91538301515305,4.87248493046615,2.73462363021025,5.58742121166142,0.137628104639474
"ccODP, phi pearson",7,2.66960941530434,11.8664227565454,11.7666372984648,5.62838466319202,2.91208663231175,6.33710994625657,0.150380910933914
"ccODP, phi pearson",8,2.66960941530434,17.1701926320832,16.7670461709901,6.77035508028925,3.3767924555094,7.56574088908573,0.158181580561004
"ccODP, phi pearson",9,2.66960941530434,26.808991081271,26.3004940190479,8.45987795451985,3.93316140291062,9.32948517479485,0.155621443977424
"ccODP, phi pearson",10,2.66960941530434,37.7905769025442,36.8793624712118,10.0442062856562,4.30117163543008,10.9263972720308,0.182145922727975
"ccODP, phi pearson",11,2.66960941530434,63.0269995210291,62.5152281438776,12.9714097668573,5.13912455300162,13.9523500712599,0.247965935108421
"ccODP, phi pearson",12,2.66960941530434,91.2757999716995,90.2444595820663,15.6099562777698,5.845060255391,16.6683971749846,0.266813332086165
"ccODP, phi pearson",13,2.66960941530434,136.387826985427,136.523157794003,19.0814629170091,8.55311804491232,20.9107162800177,0.293291337005925
"ccODP, phi pearson",14,2.66960941530434,205.015910416078,203.718473677522,23.3947089046638,9.62686945813071,25.2980042749985,0.327388731718293
"ccODP, phi pearson",15,2.66960941530434,304.731608673018,304.152083798551,28.5221733332915,11.9732926953525,30.9333818006197,0.503800192184836
"ccODP, phi pearson",16,2.66960941530434,473.789646403309,473.61700960177,35.5644949480797,13.3151081369524,37.9753262739206,0.358961637297575
"ccODP, phi pearson",17,2.66960941530434,785.027761381793,787.287816881022,45.7790072310456,21.3548683883076,50.5148285847043,0.855815426829463
"ccODP, phi pearson",18,2.66960941530434,1288.50276458098,1281.29445180567,58.649800613225,34.9972433344769,68.2979220253709,1.85149043445408
"ccODP, phi pearson",19,2.66960941530434,2225.29253932258,2226.92422444284,77.0756895186937,82.4320487227545,112.852578931155,5.81837704084095
"ccODP, phi pearson",20,2.66960941530434,3793.14656476505,3782.68551800121,100.629119955041,194.799898792133,219.256061153053,16.2153724308604
"ccODP, phi pearson",total,2.66960941530434,9479.36052884236,9460.40261542085,159.07919448772,211.228000563706,264.430441403789,15.9100235004661
"ccODP, phi deviance",2,2.60089857036982,0.0510862462527003,2.66803661534022e-11,0.36451357292179,5.02229954946845e-12,0.36451357292179,1.40371017404431e-23
"ccODP, phi deviance",3,2.60089857036982,0.0733900515531244,5.9646070965512e-11,0.436898249211288,1.12189562488576e-11,0.436898249211288,5.98832804009503e-23
"ccODP, phi deviance",4,2.60089857036982,4.11439282447785,4.15225558364602,3.27125639703223,1.91675213773744,3.79144526172347,0.125527136785883
"ccODP, phi deviance",5,2.60089857036982,6.39495211422474,6.60803082232125,4.07831114696643,2.27372199344751,4.669307605519,0.147938605801018
"ccODP, phi deviance",6,2.60089857036982,8.89310221244974,9.01522535898712,4.80937177087749,2.59291806881693,5.46381560286496,0.13768390968872
"ccODP, phi deviance",7,2.60089857036982,11.8664227565454,11.6627691569468,5.55548035573008,2.91147829196906,6.27216611925337,0.155053762730705
"ccODP, phi deviance",8,2.60089857036982,17.1701926320832,16.9077925758588,6.68265886229124,3.35306764428294,7.47669660323975,0.151249868499376
"ccODP, phi deviance",9,2.60089857036982,26.808991081271,26.2829550288741,8.35029739448452,3.91187936268467,9.22118575480037,0.167551181094865
"ccODP, phi deviance",10,2.60089857036982,37.7905769025442,36.6737183750032,9.91410396552699,4.54769302202538,10.9073814117714,0.219427286214903
"ccODP, phi deviance",11,2.60089857036982,63.0269995210291,61.8539506852548,12.8033914627705,5.45181956919473,13.9157884995425,0.248859747802088
"ccODP, phi deviance",12,2.60089857036982,91.2757999716995,89.9799856614525,15.4077609553029,5.01928921223978,16.2047018439668,0.164083447574946
"ccODP, phi deviance",13,2.60089857036982,136.387826985427,136.251255296994,18.8343012671626,7.28016750050088,20.19236843606,0.276275634378197
"ccODP, phi deviance",14,2.60089857036982,205.015910416078,204.541461326227,23.0916779014485,8.78155070831771,24.7050849249097,0.263187516818154
"ccODP, phi deviance",15,2.60089857036982,304.731608673018,304.463538469205,28.1527264282547,12.1021456775105,30.6437258724169,0.407188266906068
"ccODP, phi deviance",16,2.60089857036982,473.789646403309,472.700600495847,35.1038290502103,14.2291550779467,37.8780631529471,0.491820930693996
"ccODP, phi deviance",17,2.60089857036982,785.027761381793,784.635850561778,45.1860330442774,24.7888084376425,51.5389426165949,1.0805390320942
"ccODP, phi deviance",18,2.60089857036982,1288.50276458098,1283.89781741146,57.890111403557,43.5125009529647,72.4196295040094,2.30278526317231
"ccODP, phi deviance",19,2.60089857036982,2225.29253932258,2214.96484842246,76.0773302908215,68.9338095659524,102.662701530077,5.24385496938592
"ccODP, phi deviance",20,2.60089857036982,3793.14656476505,3794.23423258119,99.32567380844,210.344454741092,232.616377578682,15.9901481352839
"ccODP, phi deviance",total,2.60089857036982,9479.36052884236,9458.82628781359,157.018646177727,246.919428250796,292.615890366853,16.4202746216877
"bCCNN, phi deviance",2,2.59264507871625,0.0508053079247475,2.90069717377717e-11,0.362932681862298,1.77098882304084e-12,0.362932681862298,1.19243132694225e-24
"bCCNN, phi deviance",3,2.59264507871625,0.0729899853467941,6.54200448153841e-11,0.435013938058239,3.05550557437261e-12,0.435013938058239,3.86353713355236e-24
"bCCNN, phi deviance",4,2.59264507871625,4.08887947909534,3.19508364802906,3.2559197255062,2.03669565841649,3.84046123062751,0.267826023908713
"bCCNN, phi deviance",5,2.59264507871625,6.35539400205016,5.61150278902145,4.05922172130547,2.38352620439526,4.70727927254768,0.210735799316316
"bCCNN, phi deviance",6,2.59264507871625,8.83830599300563,8.31723406172269,4.78691868919396,2.17785852257942,5.25905488479881,0.175224044466383
"bCCNN, phi deviance",7,2.59264507871625,11.7933311145753,10.5510881394793,5.52954988004221,2.3270360854456,5.99925152155173,0.154405324738829
"bCCNN, phi deviance",8,2.59264507871625,17.0640141926706,16.305007137423,6.65138575183936,3.52350068327114,7.52701730334027,0.344713327358451
"bCCNN, phi deviance",9,2.59264507871625,26.6426851619035,25.0570887923903,8.311138704702,3.65138308467297,9.07786456165939,0.21568131209847
"bCCNN, phi deviance",10,2.59264507871625,37.5559788495302,35.2002807111234,9.86758956080998,3.95795706765719,10.6317800903717,0.276022806098847
"bCCNN, phi deviance",11,2.59264507871625,62.6390372160822,60.6878452748753,12.7436569152579,2.79185790949399,13.0458906235107,0.0467467828898211
"bCCNN, phi deviance",12,2.59264507871625,90.7175594158471,90.8153176606423,15.3361805536009,2.81016745853515,15.5915193332034,0.126688752545792
"bCCNN, phi deviance",13,2.59264507871625,135.569922385737,135.808424584641,18.7479250077262,5.51275181438444,19.5416254355242,0.163151207698511
"bCCNN, phi deviance",14,2.59264507871625,203.832460731268,206.668468371108,22.9883715429681,10.4171624927659,25.2385122500958,0.676279358860813
"bCCNN, phi deviance",15,2.59264507871625,303.06879879348,305.974928207771,28.0312295432141,11.2813829033233,30.2162113759445,0.632853415961766
"bCCNN, phi deviance",16,2.59264507871625,471.508035333827,476.331259027198,34.9635951724564,10.6325801186374,36.5445583823729,0.449390022934681
"bCCNN, phi deviance",17,2.59264507871625,781.998839018866,789.636629417616,45.0271633743909,27.6694368299311,52.8492495313759,2.60441711213971
"bCCNN, phi deviance",18,2.59264507871625,1284.85726540163,1258.27976741649,57.7163656686417,44.7388563463254,73.0256402448722,3.26949737873578
"bCCNN, phi deviance",19,2.59264507871625,2221.46489745565,2208.93639400609,75.8911723056726,58.9476035071941,96.0952131647079,4.5828865457707
"bCCNN, phi deviance",20,2.59264507871625,3790.1363859158,3766.81022601582,99.1285955141502,274.417787780929,291.773200789906,47.4127644946113
"bCCNN, phi deviance",total,2.59264507871625,9458.25558575429,9404.18654526155,156.594699136485,298.601146197638,337.171387143377,45.4090776666876
