quantity,value
observed cells |D_I|,210
parameters I + J,39
degrees of freedom |D_I| - (I + J),171
Pearson statistic,456.503210017042
Poisson deviance (unscaled),444.75365553324
"phi Pearson (glmReserve, E&V 1999)",2.66960941530434
phi deviance (Paper C eq. (5)),2.60089857036982
phi deviance / phi Pearson,0.974261836004693
glmReserve residual factor sqrt(|D_I| / (|D_I| - (I + J))),1.10818327700728
glmReserve pseudo triangles kept (%),0.374344346530708
glmReserve draws per bootstrap sample,267.133725744131
E&V 1999 pseudo triangles with a negative cell (%),99.0404228495751
amounts in units of,1e+06
