feature,level,design,all_claims,closed,closed_last_5_years
Legal Representation,N,0.6,0.584879534178358,0.60519834868469,0.675485142755158
Injury Severity,1,0.85,0.850042748292297,0.864623727028925,0.926230923766361
Injury Severity,3,1.2,1.21501229270221,1.18256276247744,1.08045839184808
Injury Severity,4,1.45,1.44985026562588,1.36263725715662,1.16078338914771
Injury Severity,5,1.75,1.76137800289577,1.58883700577128,1.21034029480118
Injury Severity,6,0.8,0.816944547876819,0.833848164698402,0.946674407859187
Age of Claimant,0-15,1.3,1.31107931183559,1.26515395704182,1.13226676062818
Age of Claimant,15-30,1,1.00363523439333,1.00394092482296,1.0333646153374
Age of Claimant,50-65,0.95,0.960089424581638,0.961251827375742,0.971088438127458
Age of Claimant,over 65,0.9,0.906565843644381,0.914257589171536,0.963410010367436
Vehicle type,Light Commerical,1,1.00309172926476,0.998810506448163,1.03091470561725
Vehicle type,Medium goods,1.05,0.972562417525085,0.950287439810362,0.858837911107304
Vehicle type,Heavy goods,1.1,1.05716005086721,1.04636412389362,1.39547086444974
Business use,Y,1.05,1.05872346033017,1.05598594528633,1.04055958532207
