origin,latest,dev_to_date,ultimate,ibnr,se,cv,true,bias
1,3543095353.46904,1,3543095353.46904,0,0,,0,0
2,3541681494.68222,0.999985575986093,3541732580.68222,51086,910713.575561698,17.827067602899,308085.413804753,-256999.413804753
3,3993628364.93479,0.999981623565177,3993701754.93479,73390,1123534.99888627,15.3091020423256,321650.716934397,-248260.716934397
4,3782988889.96127,0.998913577821204,3787103282.96127,4114393,3926144.61530342,0.954246377364395,891672.186642333,3222720.81335767
5,3659946606.788,0.998255767528077,3666341558.788,6394952,4736046.52767544,0.740591411425049,3092271.29757362,3302680.70242638
6,3938485317.89954,0.997747086533389,3947378419.89954,8893102,5927984.43223138,0.666582305277886,2537254.81607236,6355847.18392764
7,3990411466.1391,0.997035082688236,4002277889.1391,11866423,6798748.95980595,0.572940047713279,5181293.45782579,6685129.54217421
8,3935191943.17928,0.995655713619249,3952362136.17928,17170193,7805227.12141024,0.454580045862632,10615759.880305,6554433.11969498
9,4056230140.67121,0.993434059744358,4083039131.67121,26808991,9758196.51795817,0.363989697260824,9527728.90547055,17281262.0945295
10,4228361797.03486,0.991141765767673,4266152374.03486,37790577,11431152.9868096,0.302486860330543,45973871.650791,-8183294.65079104
11,4246956020.7634,0.985376508516074,4309983020.7634,63027000,13642315.0764203,0.216451918644712,37804650.4304512,25222349.5695488
12,4271028357.45515,0.979076241200648,4362304157.45515,91275800,16938395.7042426,0.18557378521188,86790687.2066968,4485112.79330321
13,4314413151.25494,0.969356565780779,4450800978.25494,136387827,19461780.4783369,0.142694409804893,107002071.149961,29385755.8500391
14,4300204037.934,0.954493695675387,4505219947.934,205015910,24484096.3264505,0.119425347654484,255683236.299417,-50667326.2994168
15,4282859920.07406,0.933574816530907,4587591529.07406,304731609,30175428.5572207,0.0990229686255509,324141880.745622,-19410271.7456217
16,4071645805.42823,0.895765840025046,4545435451.42823,473789646,37412358.1768599,0.0789640687438322,531479976.607777,-57690330.6077771
17,3944975082.7313,0.834032285616825,4730002843.7313,785027761,49737032.2695991,0.0633570361973467,776532080.523325,8495680.47667479
18,3534694104.02,0.732852960393092,4823196869.02,1288502765,70367371.3639078,0.0546117348563919,1314116669.04402,-25613904.0440171
19,2746144835.84273,0.552384477322236,4971437374.84273,2225292539,106336879.178197,0.0477855730491877,2150741888.53439,74550650.4656076
20,1055830962.38032,0.217743010030145,4848977527.38032,3793146565,214195895.709536,0.0564691851577678,3964033208.34923,-170886643.349226
