model,j,n_cells,parameters,run_time,loss,loss_vali
homogeneous,1,2901,1,,69862.2550529608,
homogeneous,2,2969,1,,14439.3574579927,
homogeneous,3,2822,1,,13630.5215469913,
homogeneous,4,2668,1,,1794.3840000956,
homogeneous,5,2500,1,,2330.6538988114,
homogeneous,6,2336,1,,1178.06933420393,
homogeneous,7,2165,1,,308.449400860233,
homogeneous,8,1998,1,,225.518282477873,
homogeneous,9,1826,1,,213.399249884218,
homogeneous,10,1664,1,,258.883755306336,
homogeneous,11,1496,1,,51.0584269887951,
homogeneous,12,1329,1,,57.8981854595145,
homogeneous,13,1157,1,,0.613602965240448,
homogeneous,14,984,1,,2.13641876867773,
homogeneous,15,821,1,,8.15676585637722,
homogeneous,16,655,1,,0.0168128421651827,
homogeneous,17,486,1,,0.434464665441866,
homogeneous,18,322,1,,0.00102401771145276,
homogeneous,19,159,1,,6.1212538139976e-06,
paper_q5,1,2901,66,8.41732549667358,92649.6868860971,8362.88147936536
paper_q5,2,2969,66,8.72877740859985,15381.6796609283,4501.47122092631
paper_q5,3,2822,66,9.5779185295105,13928.1034806786,594.232851622187
paper_q5,4,2668,66,9.61147236824036,2157.41654757142,385.169299203139
paper_q5,5,2500,66,9.67622971534729,2651.91887492888,153.314947891744
paper_q5,6,2336,66,9.8363618850708,1446.90883508291,61.559802304019
paper_q5,7,2165,66,9.79552841186523,549.509842815425,37.2515223320538
paper_q5,8,1998,66,9.80985593795776,443.079805335829,31.7571804174175
paper_q5,9,1826,66,9.5897068977356,395.776348997546,27.1977390547929
paper_q5,10,1664,66,9.80380296707153,429.226062301707,19.8422130030686
paper_q5,11,1496,66,9.05718159675598,198.535013940238,16.2291470578403
paper_q5,12,1329,66,9.2010817527771,186.988765610114,40.862440039449
paper_q5,13,1157,66,8.79515671730042,111.15278383243,9.49417596743038
paper_q5,14,984,66,9.15878319740295,95.019581204972,9.07490418162327
paper_q5,15,821,66,9.43639707565308,86.2628620082443,8.05977544695634
paper_q5,16,655,66,9.37317895889282,61.2369325762087,4.47549394277835
paper_q5,17,486,66,9.48898315429688,45.0596118372323,2.95881733345832
paper_q5,18,322,66,8.89338302612305,29.1916575476649,0.697616175142062
paper_q5,19,159,66,9.70184302330017,14.5638015562239,0.0519338418727624
paper_q10,1,2901,131,8.73666191101074,74151.8286413879,6012.66942759645
paper_q10,2,2969,131,9.33698272705078,14358.1412536707,4403.52786646114
paper_q10,3,2822,131,9.13933277130127,13258.2057282454,585.926411384399
paper_q10,4,2668,131,9.45357966423035,1803.6120931488,351.524205040713
paper_q10,5,2500,131,8.98900771141052,2355.72920831092,124.184408369235
paper_q10,6,2336,131,9.6707329750061,1220.43039403566,36.8530346443084
paper_q10,7,2165,131,9.6669135093689,347.546777033811,18.3264446209129
paper_q10,8,1998,131,9.47487092018127,259.676430424706,13.6017181954116
paper_q10,9,1826,131,9.66588354110718,247.793049538902,12.6004481408048
paper_q10,10,1664,131,9.56239676475525,292.396075340418,5.48320629685296
paper_q10,11,1496,131,9.46285462379456,80.2382779331002,3.26059061495746
paper_q10,12,1329,131,8.88604688644409,83.2323960854176,32.0958403350314
paper_q10,13,1157,131,9.45159721374512,22.2195045174129,2.68900931455266
paper_q10,14,984,131,9.23651146888733,20.1346656584754,3.02854335082676
paper_q10,15,821,131,9.03476548194885,23.4257021307497,1.85325624228871
paper_q10,16,655,131,9.13221669197083,12.8093071768196,1.71645794121058
paper_q10,17,486,131,9.50077891349792,10.0349443657832,0.828990115380957
paper_q10,18,322,131,8.77700757980347,6.47879710045108,0.587176393593802
paper_q10,19,159,131,8.71530055999756,3.16407968178226,0.00362466909746127
paper_q20,1,2901,261,9.85522365570068,70708.5615674713,5724.48708130498
paper_q20,2,2969,261,9.38781428337097,14299.9057056219,4401.29838197304
paper_q20,3,2822,261,9.5303897857666,13204.598201133,566.103147184354
paper_q20,4,2668,261,9.93123650550842,1767.1546100973,341.995852848255
paper_q20,5,2500,261,9.3076057434082,2313.87578607396,117.475816165202
paper_q20,6,2336,261,9.1010479927063,1184.72914893511,33.5937149452275
paper_q20,7,2165,261,9.11796426773071,321.037295451953,13.7620194494413
paper_q20,8,1998,261,10.1581301689148,237.32370750659,12.8598787658972
paper_q20,9,1826,261,9.80428147315979,225.780978713137,11.1236141185777
paper_q20,10,1664,261,9.13926553726196,272.057969150081,2.3436138053723
paper_q20,11,1496,261,9.50654745101929,61.3061945618411,1.82030745745846
paper_q20,12,1329,261,8.84605407714844,67.2990296229474,29.8288641289178
paper_q20,13,1157,261,9.73936438560486,8.80205820388061,1.18202489738507
paper_q20,14,984,261,9.08261728286743,9.24951362516614,1.66146060441883
paper_q20,15,821,261,9.20329117774963,14.1019354916448,0.748218767162586
paper_q20,16,655,261,8.48751354217529,4.79343370481573,0.644109728984135
paper_q20,17,486,261,8.69619131088257,3.78687755289845,0.689039359646153
paper_q20,18,322,261,9.57146382331848,2.21166519352945,0.131630544057051
paper_q20,19,159,261,9.20523858070374,0.987828951363905,0.00430807217282206
