AY,claims,claim_cost,mean_size,median_size,max_size,ultimate,paid,outstanding,paid_pct,nominal_to_constant
1,20073,3380.81397656692,168425.944132263,50688.8586942601,40.4487592228627,3544.98536409481,3543.09535346904,1.89001062576451,99.9466849526402,1.04855972220471
2,19847,3307.65677126439,166657.770507602,49170.8325497198,13.5962350942514,3542.01958455449,3541.68149468223,0.33808987226698,99.9904548841644,1.0708546350172
3,19723,3663.51583014603,185748.406943469,50538.1865908319,307.951599514676,3993.95001565173,3993.6283649348,0.321650716934397,99.991946551267,1.09019592130233
4,19905,3390.49954860423,170334.064235329,49875.1358141731,21.2465114323124,3784.39682683262,3782.98888996127,1.40793687135683,99.9627962675221,1.11617676763607
5,20070,3227.70221517418,160822.232943407,48803.1109525174,15.6679621547954,3664.91669228637,3659.94660678801,4.97008549835465,99.8643874904765,1.13545688169644
6,20145,3401.6075676718,168856.171142805,51255.6885814596,13.965066534721,3942.67110904424,3938.48531789954,4.18579114469239,99.8938336211943,1.1590611293656
7,19948,3385.48485052923,169715.50283383,50271.2311903175,22.1638455401845,3996.09977628443,3990.4114661391,5.68831014533157,99.8576534505197,1.1803626224054
8,19932,3281.44371049936,164631.934100911,50901.2442585862,34.7336740746744,3951.51069383533,3935.19194317927,16.3187506560661,99.5870250159888,1.20419883516271
9,19942,3309.41667744371,165952.094947533,50764.1295844342,14.6407438048959,4065.75786957669,4056.23014067122,9.52772890547055,99.7656592150565,1.22854214680431
10,19968,3401.25518892812,170335.295919878,50000.2926430653,38.600519090292,4274.33566868565,4228.36179703486,45.973871650791,98.9244206535392,1.25669361199348
11,19847,3354.50103529375,169018.03976892,50139.6185257802,44.2099793398133,4286.5387115875,4246.95602076342,39.5826908240833,99.0765815151259,1.27784688884799
12,20190,3343.83594605876,165618.422291172,49992.0837700483,33.0243950614052,4358.65067374046,4271.02835745514,87.6223162853257,97.9896916994697,1.30348819261837
13,20087,3328.16069288683,165687.294911476,49388.5444192758,19.8384048204516,4422.23221340155,4314.41315125494,107.819062146611,97.5618860126823,1.32873157923325
14,20030,3349.98614241363,167248.434468978,48412.0754538088,28.6803732272797,4556.25015440709,4300.204037934,256.04611647309,94.3803323391841,1.36008029905591
15,19886,3325.99409321212,167253.047028669,49753.790475524,21.8617677577428,4608.69236195896,4282.85992007405,325.832441884909,92.9300457419464,1.38565861297368
16,19981,3256.24189804201,162966.913469897,49017.4869056798,26.1090418041868,4605.04557082708,4071.64580542824,533.39976539884,88.4170578293965,1.41422096853311
17,19976,3279.54965159282,164174.491970005,50048.1414269416,38.014817168863,4721.9347444048,3944.97508273131,776.959661673491,83.5457348792433,1.43981193945682
18,19743,3303.95157008803,167348.000308364,50133.9638863084,22.2320168479156,4851.18315743928,3534.69410402,1316.48905341928,72.8625159946714,1.46829729629179
19,20006,3271.71957526312,163536.91768785,49548.8731875737,16.4317264914529,4896.90029647997,2746.14483584274,2150.75546063723,56.0792474745044,1.49673594690222
20,20269,3294.01119846353,162514.736714368,48950.0759759846,18.8354900181767,5035.99659849502,1055.83096238032,3980.1656361147,20.9656806101865,1.52883408558053
total,399568,66857.3481401426,167324.080357142,49877.9479979947,307.951599514676,85104.0680835881,75438.7736526435,9665.29443094459,88.6429701322251,1.27292018680127
