LoB,i,j,num,den,g,pooled,pooled_over
1,2,18,0,3543044247.56605,0,FALSE,
1,3,17,0,7084697740.42731,0,FALSE,
1,3,18,0,0,1,FALSE,
1,4,16,0,11066493729.5338,0,FALSE,
1,4,17,0,0,1,FALSE,
1,4,18,0,0,1,FALSE,
1,5,15,0,14839703851.9615,0,FALSE,
1,5,16,0,0,1,FALSE,
1,5,17,0,0,1,FALSE,
1,5,18,0,0,1,FALSE,
1,6,14,0,18490223595.0928,0,FALSE,
1,6,15,0,0,1,FALSE,
1,6,16,0,0,1,FALSE,
1,6,17,0,0,1,FALSE,
1,6,18,0,0,1,FALSE,
1,7,13,0,22412703529.825,0,FALSE,
1,7,14,0,0,1,FALSE,
1,7,15,0,0,1,FALSE,
1,7,16,0,0,1,FALSE,
1,7,17,0,0,1,FALSE,
1,7,18,0,0,1,FALSE,
1,8,12,0,26366587054.3353,0,FALSE,
1,8,13,0,0,1,FALSE,
1,8,14,0,0,1,FALSE,
1,8,15,0,0,1,FALSE,
1,8,16,0,0,1,FALSE,
1,8,17,0,0,1,FALSE,
1,8,18,0,0,1,FALSE,
1,9,11,0,30234165195.6687,0,FALSE,
1,9,12,0,0,1,FALSE,
1,9,13,0,0,1,FALSE,
1,9,14,0,0,1,FALSE,
1,9,15,0,0,1,FALSE,
1,9,16,0,0,1,FALSE,
1,9,17,0,0,1,FALSE,
1,9,18,0,0,1,FALSE,
1,10,10,0,34211272153.0106,0,FALSE,
1,10,11,0,0,1,FALSE,
1,10,12,0,0,1,FALSE,
1,10,13,0,0,1,FALSE,
1,10,14,0,0,1,FALSE,
1,10,15,0,0,1,FALSE,
1,10,16,0,0,1,FALSE,
1,10,17,0,0,1,FALSE,
1,10,18,0,0,1,FALSE,
1,11,9,0,38216038917.8418,0,FALSE,
1,11,10,0,0,1,FALSE,
1,11,11,0,0,1,FALSE,
1,11,12,0,0,1,FALSE,
1,11,13,0,0,1,FALSE,
1,11,14,0,0,1,FALSE,
1,11,15,0,0,1,FALSE,
1,11,16,0,0,1,FALSE,
1,11,17,0,0,1,FALSE,
1,11,18,0,0,1,FALSE,
1,12,8,0,42191496459.4298,0,FALSE,
1,12,9,0,0,1,FALSE,
1,12,10,0,0,1,FALSE,
1,12,11,0,0,1,FALSE,
1,12,12,0,0,1,FALSE,
1,12,13,0,0,1,FALSE,
1,12,14,0,0,1,FALSE,
1,12,15,0,0,1,FALSE,
1,12,16,0,0,1,FALSE,
1,12,17,0,0,1,FALSE,
1,12,18,0,0,1,FALSE,
1,13,7,8567.04508174224,46001273035.309,1.86234956479714e-07,FALSE,
1,13,8,0,0,1,FALSE,
1,13,9,0,0,1,FALSE,
1,13,10,0,0,1,FALSE,
1,13,11,0,0,1,FALSE,
1,13,12,0,0,1,FALSE,
1,13,13,0,0,1,FALSE,
1,13,14,0,0,1,FALSE,
1,13,15,0,0,1,FALSE,
1,13,16,0,0,1,FALSE,
1,13,17,0,0,1,FALSE,
1,13,18,0,0,1,FALSE,
1,14,6,0,49544209993.9569,0,FALSE,
1,14,7,8567.04508174224,0,1.01273762459574,TRUE,accident years
1,14,8,0,0,1,FALSE,
1,14,9,0,0,1,FALSE,
1,14,10,0,0,1,FALSE,
1,14,11,0,0,1,FALSE,
1,14,12,0,0,1,FALSE,
1,14,13,0,0,1,FALSE,
1,14,14,0,0,1,FALSE,
1,14,15,0,0,1,FALSE,
1,14,16,0,0,1,FALSE,
1,14,17,0,0,1,FALSE,
1,14,18,0,0,1,FALSE,
1,15,5,0,52664348844.8535,0,FALSE,
1,15,6,0,0,1,FALSE,
1,15,7,8567.04508174224,0,1.01273762459574,TRUE,accident years
1,15,8,0,0,1,FALSE,
1,15,9,0,0,1,FALSE,
1,15,10,0,0,1,FALSE,
1,15,11,0,0,1,FALSE,
1,15,12,0,0,1,FALSE,
1,15,13,0,0,1,FALSE,
1,15,14,0,0,1,FALSE,
1,15,15,0,0,1,FALSE,
1,15,16,0,0,1,FALSE,
1,15,17,0,0,1,FALSE,
1,15,18,0,0,1,FALSE,
1,16,4,0,54640895817.8513,0,FALSE,
1,16,5,0,0,1,FALSE,
1,16,6,0,0,1,FALSE,
1,16,7,8567.04508174224,0,1.01273762459574,TRUE,accident years
1,16,8,0,0,1,FALSE,
1,16,9,0,0,1,FALSE,
1,16,10,0,0,1,FALSE,
1,16,11,0,0,1,FALSE,
1,16,12,0,0,1,FALSE,
1,16,13,0,0,1,FALSE,
1,16,14,0,0,1,FALSE,
1,16,15,0,0,1,FALSE,
1,16,16,0,0,1,FALSE,
1,16,17,0,0,1,FALSE,
1,16,18,0,0,1,FALSE,
1,17,3,959.446771135719,54666245459.2598,1.75509908001776e-08,FALSE,
1,17,4,959.446771135719,959.446771135719,1,FALSE,
1,17,5,959.446771135719,959.446771135719,1,FALSE,
1,17,6,959.446771135719,959.446771135719,1,FALSE,
1,17,7,9526.49185287796,959.446771135719,9.92915098520915,FALSE,
1,17,8,959.446771135719,959.446771135719,1,FALSE,
1,17,9,959.446771135719,959.446771135719,1,FALSE,
1,17,10,959.446771135719,959.446771135719,1,FALSE,
1,17,11,0,0,1,FALSE,
1,17,12,0,0,1,FALSE,
1,17,13,0,0,1,FALSE,
1,17,14,0,0,1,FALSE,
1,17,15,0,0,1,FALSE,
1,17,16,0,0,1,FALSE,
1,17,17,0,0,1,FALSE,
1,17,18,0,0,1,FALSE,
1,18,2,927918.020495004,51500891793.2742,1.80175136426703e-05,FALSE,
1,18,3,11535027.7970208,827259.629673566,13.9436609539045,FALSE,
1,18,4,11572810.5292229,11535027.7970208,1.00327547821011,FALSE,
1,18,5,12320408.0616794,11572810.5292229,1.06459947914716,FALSE,
1,18,6,12495550.9141202,12320408.0616794,1.01421566977035,FALSE,
1,18,7,12739053.0262804,12270654.4724905,1.0381722551833,FALSE,
1,18,8,11919722.288759,11915266.650871,1.00037394361524,FALSE,
1,18,9,943542.697023674,708635.23852394,1.33149277051059,FALSE,
1,18,10,559724.773678074,540119.986921638,1.03629709551793,FALSE,
1,18,11,389769.03516955,367885.264924896,1.05948531330583,FALSE,
1,18,12,334950.050317154,334950.050317154,1,FALSE,
1,18,13,1083897.37389317,334950.050317154,3.23599704752056,FALSE,
1,18,14,0,0,1,FALSE,
1,18,15,0,0,1,FALSE,
1,18,16,0,0,1,FALSE,
1,18,17,0,0,1,FALSE,
1,18,18,0,0,1,FALSE,
1,19,1,17592380.0438008,41482814409.4275,0.000424088391644969,FALSE,
1,19,2,20713310.5389467,17556645.0294826,1.17979890259006,FALSE,
1,19,3,55025675.2893595,20489955.8364732,2.68549506541204,FALSE,
1,19,4,85958177.2591454,55020211.9631268,1.56230181949776,FALSE,
1,19,5,104825149.400585,85914049.1053716,1.22011650588158,FALSE,
1,19,6,117393250.304014,104502744.626887,1.12335088157876,FALSE,
1,19,7,115742346.870957,115271546.341089,1.00408427356804,FALSE,
1,19,8,117075876.043993,107343496.829768,1.09066575527775,FALSE,
1,19,9,92109457.6572985,91874550.1987988,1.00255682839254,FALSE,
1,19,10,88701609.6241431,88682004.8373866,1.00022106837562,FALSE,
1,19,11,87756137.4359609,87734253.6657163,1.0002494324546,FALSE,
1,19,12,83683665.6704864,83683665.6704864,1,FALSE,
1,19,13,40033711.4518345,39284764.1282584,1.01906457478352,FALSE,
1,19,14,38270315.7563734,38270315.7563734,1,FALSE,
1,19,15,38045678.7146227,38045678.7146227,1,FALSE,
1,19,16,15433351.6556744,15433351.6556744,1,FALSE,
1,19,17,14958742.9987513,14958742.9987513,1,FALSE,
1,19,18,14958742.9987513,14958742.9987513,1,FALSE,
1,20,0,158987192.261152,17434499181.336,0.00911911438393085,FALSE,
1,20,1,292782825.364569,156509937.017412,1.87069799492665,FALSE,
1,20,2,416433976.384434,279711950.236826,1.48879579879175,FALSE,
1,20,3,455148697.039255,359437145.637851,1.26628174790214,FALSE,
1,20,4,568352664.651359,402034167.758845,1.41369244265895,FALSE,
1,20,5,572449165.811632,507020642.270219,1.12904508827974,FALSE,
1,20,6,560073530.299015,528393349.071403,1.05995567749535,FALSE,
1,20,7,526831051.078841,519561936.545718,1.01399085271999,FALSE,
1,20,8,505536438.97129,493670149.622057,1.02403687838594,FALSE,
1,20,9,466876805.42094,456284055.724931,1.02321525278629,FALSE,
1,20,10,413046880.613658,410273602.7668,1.00675958147966,FALSE,
1,20,11,373497055.465214,373452179.558435,1.00012016506861,FALSE,
1,20,12,303190186.719053,303190186.719053,1,FALSE,
1,20,13,210573339.167968,209798655.329408,1.0036925109808,FALSE,
1,20,14,175642926.61442,175642926.61442,1,FALSE,
1,20,15,155904322.328887,155904322.328887,1,FALSE,
1,20,16,95136155.0540488,95136155.0540488,1,FALSE,
1,20,17,58883517.9860763,58883517.9860763,1,FALSE,
1,20,18,26129679.3719233,26129679.3719233,1,FALSE,
