epoch,train_dropout,train,truth,truth_pred,time,time_predict
0,,444.753695466641,685.235953639232,9479.36116034817,,0.0898051261901856
1,444.72883983783,444.874002980553,685.83362934872,9480.89291698765,1.17498898506165,0.00225186347961426
2,444.93391796283,446.042414215701,683.017178527998,9468.03144629672,0.047929048538208,0.00283408164978027
3,445.29280468158,444.909012141308,685.690552748214,9461.26526598074,0.0678520202636719,0.00179505348205566
4,445.19026561908,444.851380904973,685.823586200893,9472.14076533355,0.0465488433837891,0.00209403038024902
5,444.06233593158,444.854258756556,685.431411013023,9488.87142190244,0.0549259185791016,0.0028221607208252
6,446.62581249408,444.951682300068,684.898114242911,9456.2992694322,0.0525238513946533,0.00178003311157227
7,444.93391796283,444.826797314022,684.765810291131,9488.15929744206,0.0551550388336182,0.00212502479553223
8,443.44710155658,444.927003233018,685.052799089939,9456.92924622819,0.0497260093688965,0.00282001495361328
9,443.70344921283,444.802900193973,685.030938925654,9490.90323495027,0.0464448928833008,0.00242900848388672
10,448.26643749408,444.785759504388,685.265497730108,9469.72961707879,0.0515639781951904,0.0015411376953125
11,445.95930858783,445.030455376301,686.01693671261,9506.92850078084,0.0710010528564453,0.00200009346008301
12,447.49739452533,444.843601447372,685.151848224909,9463.67560285609,0.0364670753479004,0.0021059513092041
13,444.31868358783,444.761322550211,685.403167470782,9485.7121656267,0.055656909942627,0.00205302238464355
14,444.98518749408,444.774452064941,685.486738022503,9475.97883320414,0.143978118896484,0.00237393379211426
15,444.88264843158,444.796637048966,685.60950634955,9484.42938664928,0.0511560440063477,0.00183796882629395
16,442.72932811908,444.793213827004,684.884138081681,9471.66534026433,0.0553798675537109,0.00386619567871094
17,444.57503124408,444.798404201618,685.625194624615,9479.69081689138,0.0636839866638184,0.00169682502746582
18,445.19026561908,444.785918907574,684.946018174829,9478.01203656848,0.0473780632019043,0.00170207023620605
19,444.47249218158,444.878181990596,685.917411086604,9465.64881659485,0.0690000057220459,0.00197696685791016
20,444.36995311908,444.97941702644,685.002290885521,9467.8317115875,0.0551319122314453,0.00297403335571289
21,442.57551952533,444.854742802333,686.232776926531,9473.03617032524,0.0493509769439697,0.00177812576293945
22,446.93342968158,444.863219814757,685.611981476966,9474.85303905606,0.0392539501190186,0.00164103507995605
23,444.42122265033,444.850235651518,686.071021296285,9470.9423152646,0.0822169780731201,0.00160098075866699
24,446.31819530658,445.064973650971,686.149624162489,9504.38523756061,0.0466201305389404,0.00156497955322266
25,446.31819530658,444.891141269627,685.441191656812,9462.24645430129,0.0781569480895996,0.00290513038635254
26,444.83137890033,444.807247981424,685.716399303711,9483.64942328725,0.05588698387146,0.0031130313873291
27,441.03743358783,445.003525385798,685.604179856788,9456.29245618824,0.0442860126495361,0.0019838809967041
28,445.13899608783,445.011806965039,686.760368487664,9492.20154620148,0.0471329689025879,0.00226902961730957
29,444.42122265033,445.014921733972,685.216822652029,9456.81171313953,0.0603029727935791,0.00192904472351074
30,444.98518749408,445.08406785725,686.663618807204,9497.14199914504,0.0636229515075684,0.00213098526000977
31,445.54915233783,444.792699475669,685.432713623557,9473.60419074074,0.0780389308929443,0.00301504135131836
32,441.13997265033,444.857231241958,685.06256275231,9488.84228422772,0.047529935836792,0.00180602073669434
33,443.75471874408,444.847926708239,685.661984068825,9472.60278590024,0.0529510974884033,0.00214409828186035
34,444.67757030658,444.820126706857,685.119449882404,9488.08350651339,0.0480368137359619,0.00166606903076172
35,445.24153515033,444.811818305519,685.045243549941,9468.12441898789,0.0464320182800293,0.00220394134521484
36,446.16438671283,444.784335519496,685.019908704674,9480.63529437501,0.0488009452819824,0.00195598602294922
37,443.49837108783,444.909045572475,685.255717606713,9458.57708006911,0.0424849987030029,0.00202393531799316
38,444.72883983783,444.796538824333,685.457221250899,9477.56180201564,0.0431389808654785,0.00220108032226563
39,446.57454296283,444.826037279709,685.963919206583,9474.36824027356,0.0477719306945801,0.0023651123046875
40,444.01106640033,444.897506539271,685.195432996817,9470.70447619632,0.047943115234375,0.00355291366577148
41,446.67708202533,444.943111277615,685.368532032536,9462.07049989328,0.0446100234985352,0.00181388854980469
42,444.72883983783,444.84341594288,685.631751992824,9474.45862675458,0.0753588676452637,0.00169610977172852
43,444.26741405658,444.830206214585,686.220166819496,9482.98940265272,0.0416049957275391,0.00218105316162109
44,442.88313671283,444.968001485096,684.924189515607,9465.68526057061,0.0446290969848633,0.00159692764282227
45,446.72835155658,444.882566258877,686.433116188435,9475.88407650217,0.0703349113464356,0.00233292579650879
46,446.06184765033,444.939569218938,684.922411674785,9476.18625019025,0.0444159507751465,0.00177812576293945
47,444.67757030658,444.879122981074,686.412190907266,9477.13441725634,0.0427541732788086,0.00238990783691406
48,444.36995311908,444.826789789426,685.445147233267,9475.6372650303,0.0785610675811768,0.00260496139526367
49,445.13899608783,444.816063342947,685.897181525083,9487.34620482568,0.0474789142608643,0.00208306312561035
50,445.80549999408,444.818500533163,685.907945312631,9475.34518226795,0.0826921463012695,0.00190901756286621
51,444.16487499408,445.060806955509,684.611109128396,9462.58355849702,0.0517730712890625,0.00250101089477539
52,446.36946483783,444.867284780704,685.661333690625,9499.16931143031,0.0521259307861328,0.00213289260864258
53,444.88264843158,444.744231017425,685.249528685054,9482.43749084789,0.0458860397338867,0.00288915634155273
54,444.36995311908,444.744431037027,685.164471508221,9478.32733005658,0.0444281101226807,0.00246191024780273
55,444.62630077533,444.766031150203,685.267430355159,9490.5499178553,0.043536901473999,0.00369596481323242
56,444.11360546283,444.773379188831,684.767863421818,9473.15756785776,0.0513870716094971,0.00170016288757324
57,445.49788280658,444.85135586059,685.236497285707,9497.11293677241,0.0421609878540039,0.00216197967529297
58,444.42122265033,444.855266515829,684.629369891307,9466.04691139702,0.0568900108337402,0.00197076797485352
59,445.60042186908,444.866343531337,685.244180099867,9500.58772587311,0.0429549217224121,0.00247597694396973
60,442.98567577533,444.939016122757,684.557694267622,9458.25558575429,0.0456020832061768,0.00177788734436035
61,440.83235546283,444.804766249068,685.233344386436,9493.41329956241,0.0509448051452637,0.00241708755493164
62,447.59993358783,444.762511912675,684.524595640464,9473.97595449351,0.0715649127960205,0.00347495079040527
63,445.39534374408,444.770438105627,684.826671599411,9492.99078929797,0.0506620407104492,0.00234699249267578
64,446.01057811908,444.742464894595,684.727445797434,9479.26503172331,0.0459520816802979,0.00207185745239258
65,447.44612499408,444.757636111169,684.683961749289,9473.98694987781,0.0526847839355469,0.00177502632141113
66,445.49788280658,444.796197058282,685.379071304414,9492.87684199587,0.0451788902282715,0.00200510025024414
67,444.31868358783,444.74622768647,684.576709509108,9477.54382882267,0.0819509029388428,0.0019991397857666
68,447.03596874408,444.788460283568,685.27384544469,9490.03323822003,0.0450179576873779,0.00206708908081055
69,447.75374218158,444.925752407694,684.430889439665,9462.81232491415,0.0532748699188232,0.00246715545654297
70,445.19026561908,444.791280007197,685.422120611053,9491.07417198364,0.0590260028839111,0.0026400089263916
71,445.80549999408,444.816812797816,685.188583684282,9466.72469849046,0.0487520694732666,0.00217080116271973
72,446.26692577533,444.812037589159,685.058948546936,9487.32983680628,0.0526969432830811,0.00290012359619141
73,444.67757030658,444.909412965861,685.361930634815,9459.11015158519,0.0448470115661621,0.00210380554199219
74,443.54964061908,444.921444037025,685.80962965181,9501.26074231695,0.0766971111297607,0.00229597091674805
75,444.42122265033,444.789807647522,685.177327026034,9470.02438842505,0.0654909610748291,0.00171709060668945
76,444.88264843158,444.909055941383,685.763853391903,9497.01706191432,0.0385081768035889,0.00212788581848145
77,445.44661327533,444.914172088019,684.779153375706,9459.00412920397,0.0394909381866455,0.00196003913879395
78,445.39534374408,444.786107912933,685.262483152067,9479.43994682189,0.046177864074707,0.00225114822387695
79,444.72883983783,444.811307213889,685.645274778875,9474.51958337799,0.0506079196929932,0.00174307823181152
80,444.06233593158,444.779717415605,685.324841805292,9484.73071051668,0.0462749004364014,0.00210809707641602
81,442.88313671283,444.871029172972,685.180945753253,9461.65795538574,0.0472021102905273,0.00175285339355469
82,446.47200390033,444.882830099818,685.408256292188,9492.78972507175,0.0569570064544678,0.00203394889831543
83,445.49788280658,444.878156851849,685.071090238604,9460.23687455617,0.0531232357025147,0.00177693367004395
84,442.98567577533,444.823342673133,685.017865668286,9487.85276363231,0.0454921722412109,0.00271701812744141
85,446.16438671283,444.79871151744,684.805647863634,9468.82617744152,0.0495800971984863,0.00200700759887695
86,444.16487499408,444.769633666765,685.001571635051,9475.2134978734,0.0523829460144043,0.00191688537597656
87,445.03645702533,444.791346856829,685.144510363797,9483.03568077181,0.0554420948028565,0.00220394134521484
88,444.83137890033,444.818880225174,684.976978786181,9466.36361351516,0.0664031505584717,0.00211381912231445
89,444.16487499408,444.817866668996,684.743937976429,9487.25250251219,0.0378501415252686,0.00168490409851074
90,444.47249218158,444.838197658212,685.201163320581,9474.21862879395,0.0415260791778564,0.00169205665588379
91,444.67757030658,444.809145620975,684.61036123389,9479.88131276425,0.0478920936584473,0.00212597846984863
92,442.37044140033,444.861065180133,684.724411931784,9461.6874495456,0.0778589248657227,0.00345516204833984
93,444.98518749408,444.853304784058,684.923165622548,9483.6127981469,0.0484189987182617,0.00213503837585449
94,444.98518749408,444.913285797893,684.92922145146,9456.56809624471,0.0488159656524658,0.00235295295715332
95,445.49788280658,444.965170962051,685.372895511111,9495.62533208169,0.0499238967895508,0.00206112861633301
96,443.39583202533,444.936407376596,684.682631891981,9455.12021864671,0.0521519184112549,0.00184988975524902
97,445.80549999408,444.906289624483,685.282855897257,9490.93874261621,0.0533978939056397,0.00520706176757813
98,447.29231640033,444.843180689631,684.917457562852,9464.35695924703,0.0511119365692139,0.00212597846984863
99,446.42073436908,444.803093411115,685.177487135539,9475.88227180485,0.0485951900482178,0.00177693367004395
100,445.60042186908,444.837338628129,684.859061397159,9467.67618844472,0.0522310733795166,0.00222682952880859
101,447.95882030658,444.834966174996,685.165064269475,9470.83184834011,0.0470771789550781,0.00197982788085938
102,447.39485546283,444.838326314278,685.808959290989,9476.78008397669,0.0747141838073731,0.00195884704589844
103,446.01057811908,444.828904885977,685.639501490725,9476.47907601018,0.0520610809326172,0.00222492218017578
104,446.57454296283,444.817655881464,685.312832998699,9473.4642701745,0.0402340888977051,0.00166893005371094
105,444.42122265033,444.820503423681,685.584584320077,9472.80173261371,0.0507380962371826,0.00231695175170898
106,444.72883983783,444.820097049181,685.469232733056,9478.8149584448,0.0524699687957764,0.00218796730041504
107,445.44661327533,444.814034340049,685.183779841112,9467.55346251465,0.0476601123809815,0.0016629695892334
108,445.54915233783,445.047014778288,685.826611409642,9502.49939975701,0.0377650260925293,0.00223398208618164
109,444.93391796283,444.895212210476,685.061881770622,9460.95489486773,0.044701099395752,0.0020449161529541
110,445.29280468158,444.811727014442,684.61996697887,9477.6719622789,0.0483829975128174,0.00203108787536621
111,445.49788280658,444.802882054492,685.04741104432,9467.84683558717,0.052966833114624,0.00196504592895508
112,444.26741405658,444.958975134162,685.571140052224,9497.13199328352,0.0606060028076172,0.00203585624694824
113,444.67757030658,444.854901389074,684.606163929837,9463.50901861116,0.0665550231933594,0.00397896766662598
114,445.60042186908,444.847684589894,685.222231731972,9487.23828152474,0.0499238967895508,0.00196599960327148
115,444.67757030658,444.851141134359,684.759518683416,9461.57287832163,0.0493679046630859,0.00214815139770508
116,444.01106640033,444.968887610507,685.20943782929,9497.30113621149,0.0527989864349365,0.00245189666748047
117,444.98518749408,444.898650909573,684.682793663051,9457.77467497438,0.0457150936126709,0.00179290771484375
118,445.44661327533,444.86784725768,684.64672358654,9486.86094688903,0.0472209453582764,0.00287389755249023
119,445.75423046283,444.829514274818,685.19813942995,9477.05354336649,0.0680699348449707,0.00254702568054199
120,445.24153515033,444.835264797471,684.492208524743,9469.61292005703,0.046306848526001,0.00210809707641602
121,445.44661327533,444.805932019126,685.231312551278,9472.88720564451,0.0580170154571533,0.0030510425567627
122,444.11360546283,444.873025019683,685.428068586021,9485.0235285759,0.060636043548584,0.00202298164367676
123,444.88264843158,444.813640750908,684.927719150468,9469.38828205876,0.0546231269836426,0.00231099128723145
124,443.49837108783,444.825400836339,684.957578896408,9482.91624803189,0.0545389652252197,0.00260806083679199
125,443.80598827533,444.809558477228,684.754410282103,9471.81229892466,0.0399410724639893,0.00164985656738281
126,448.72786327533,444.794470689276,684.564330719134,9474.8499265369,0.0402750968933105,0.00171089172363281
127,444.62630077533,444.778931622224,685.018207569362,9473.26457193121,0.0467081069946289,0.00238800048828125
128,445.39534374408,444.810860343518,684.591428387365,9472.11971761752,0.0542979240417481,0.00554919242858887
129,445.24153515033,444.795665750676,685.49308518994,9474.03588725906,0.0580101013183594,0.00168299674987793
130,444.16487499408,444.825308163092,684.658847953188,9471.40709756128,0.0631790161132813,0.00210881233215332
131,445.13899608783,444.793581138966,685.583628307403,9476.59300336707,0.0446360111236572,0.00179290771484375
132,445.13899608783,444.824890562742,684.763253344806,9472.79445283487,0.0768840312957764,0.00232195854187012
133,444.67757030658,444.897061745853,685.964221219693,9489.45053167548,0.039539098739624,0.00175905227661133
134,444.83137890033,444.803567689814,684.669507977816,9477.66893875413,0.0560948848724365,0.00215411186218262
135,444.36995311908,444.793055959896,685.218660712434,9470.86763639376,0.0576307773590088,0.00209712982177734
136,444.93391796283,444.818333579824,684.994124657497,9490.43757262919,0.0540680885314941,0.00210094451904297
137,445.95930858783,444.800465776316,685.223621448732,9471.10016443115,0.0604569911956787,0.00162601470947266
138,444.62630077533,444.820894756464,685.065813618711,9493.57566629071,0.0453648567199707,0.00211215019226074
139,445.19026561908,444.825408730047,685.014593957408,9465.12001646403,0.0629539489746094,0.00239109992980957
140,443.70344921283,444.840483645311,685.556240388296,9493.50103435759,0.0374948978424072,0.00217795372009277
141,445.19026561908,444.829024132322,685.021419285482,9464.64170053043,0.0453400611877441,0.00285696983337402
142,446.16438671283,444.837340709019,685.435529793369,9492.72784270439,0.06203293800354,0.00340890884399414
143,444.16487499408,444.79605904304,684.815643377204,9468.05047396477,0.0687029361724854,0.00194406509399414
144,446.06184765033,444.813143841642,684.732374150063,9475.51842656825,0.0467469692230225,0.00224804878234863
145,445.19026561908,444.760823765127,685.281222031299,9473.30024031829,0.0435068607330322,0.00231409072875977
146,444.11360546283,444.823221017375,684.976654757714,9470.40621206257,0.0767068862915039,0.00168108940124512
147,445.95930858783,444.818455262075,685.775429292112,9491.61162104085,0.0596470832824707,0.0026099681854248
148,445.24153515033,444.869239929297,685.028128746522,9461.35257290863,0.0469098091125488,0.00250506401062012
149,444.57503124408,444.791442897459,685.572767985559,9488.25387568865,0.0430300235748291,0.00260782241821289
150,444.62630077533,444.777301278162,685.575676879204,9473.70423513371,0.0500710010528565,0.00202703475952148
151,444.62630077533,444.776616842546,685.313053517902,9486.6263517933,0.0498571395874023,0.00188398361206055
152,444.93391796283,444.874277214906,685.011388279178,9461.15889535844,0.0455789566040039,0.00202703475952148
153,445.85676952533,444.832978014328,685.612010834232,9495.80028960854,0.0513010025024414,0.00171685218811035
154,444.62630077533,444.895634848609,685.448006400872,9459.94517084491,0.0511860847473145,0.00230503082275391
155,444.11360546283,444.797854867303,685.284355238604,9481.86003227532,0.0515439510345459,0.00211215019226074
156,444.31868358783,444.793425093166,685.958040194201,9484.24931826908,0.0789749622344971,0.00221896171569824
157,447.18977733783,444.778880159728,684.95872226083,9485.08555302117,0.0488510131835938,0.00211310386657715
158,444.11360546283,444.752614354283,685.482248390644,9479.79990491923,0.0491819381713867,0.00188112258911133
159,443.13948436908,444.76821305285,684.824558543517,9475.52903006692,0.043781042098999,0.00234794616699219
160,444.01106640033,444.741623329213,685.514006614144,9479.56213469803,0.0519540309906006,0.00224399566650391
161,442.57551952533,444.86763809502,684.786913419474,9466.45342558157,0.0344398021697998,0.00178813934326172
162,444.06233593158,444.757230380506,685.653549494043,9474.8268366186,0.0813069343566895,0.00202488899230957
163,442.62678905658,444.762031813265,685.450420707781,9476.87477998156,0.0492310523986816,0.00199198722839355
164,443.13948436908,444.818875136765,685.303912413498,9464.80314280372,0.0542979240417481,0.00572085380554199
165,442.57551952533,444.922139441766,686.197592674482,9498.25338155311,0.0520000457763672,0.00188994407653809
