feature,level,mean_notidel,median_notidel,mean_notidel_mult,same_year_pct,base_notidel,mean_setldel,median_setldel,q90_setldel,mean_setldel_mult,over_5y_pct,base_setldel
Legal Representation,Y,2.07173732476265,0.647576615645878,1.03025387055789,41.8774614142785,2.01089982184759,1.65460932968256,1.09405309127889,3.86364366251676,1.00637095521511,5.35084472139104,1.64413462164047
Legal Representation,N,1.81632489225276,0.566856027936353,0.8742889965922,44.3108670957971,2.07748799233712,0.853230820304998,0.569915921163354,1.99136066277717,0.528274875283983,0.473305566073457,1.61512663241145
Injury Severity,1,2.17638265733871,0.680797629100324,1.08194010204514,41.0215347513989,2.01155558724997,1.41641174666847,0.948509532282445,3.30634241197696,0.863119478134362,3.29474160182377,1.64103786619444
Injury Severity,2,2.00309106028392,0.62151829067707,0.993603082710542,42.4942881771544,2.01598716342496,1.70151610216992,1.14515672461265,3.97772479184922,1.0365103827549,5.64989245872005,1.6415813391541
Injury Severity,3,1.8887447737777,0.598167234221824,0.943445592295967,43.163076615523,2.00196470172832,2.0527832842696,1.39641725012555,4.76665743390987,1.24403416462592,8.92848218301764,1.65010201700278
Injury Severity,4,1.80781084128913,0.563372619489926,0.89369101316254,44.1424176710878,2.02285892401643,2.48362338129299,1.65905589972445,5.76646804105616,1.49976921711887,13.5105149024157,1.65600370573291
Injury Severity,5,1.65342435659952,0.541070439445343,0.846542970550576,45.4801536491677,1.95314876399501,3.01165403830414,1.98837480534604,7.04552079658939,1.82159852752881,19.2061459667093,1.6533028506505
Injury Severity,6,1.44400942665263,0.468515742009897,0.69622606991789,47.6735506344862,2.07405250829365,1.36317912628246,0.925532363204691,3.21743606997506,0.828125976611097,2.91117193331675,1.64610115463464
Age of Claimant,0-15,2.22918415426476,0.708018781631453,1.10874699423606,40.3626567478496,2.01054358284931,2.06220540822697,1.3763563714992,4.81304570516476,1.25590398382266,9.17171496164207,1.64200881181228
Age of Claimant,15-30,2.01163097831783,0.631416058487349,1.00772623200606,42.1714106730355,1.99620781361752,1.57779637618241,1.0409588355984,3.67482764050537,0.964144851089099,4.69832817822325,1.63647233545886
Age of Claimant,30-50,2.050125973641,0.63762502342046,1.00760919051449,42.2076794413622,2.03464397996826,1.58944065957322,1.05546486037567,3.70865057824557,0.967290858841594,4.76651829374183,1.64318792537407
Age of Claimant,50-65,2.01663904519075,0.619324113770538,1.00736087747563,42.7071470236938,2.00190328042549,1.5160439919365,1.00664617453751,3.54967229252782,0.91735780367212,4.15544012666315,1.65262015090282
Age of Claimant,over 65,2.02386795446735,0.634891237288925,1.00780629577382,42.1418860642917,2.00819141828575,1.4312494162767,0.953223460809355,3.33420431227741,0.869281493706784,3.43678278538746,1.64647404395275
Vehicle type,Passenger,2.07952776027552,0.650434192920001,1.03401398448881,41.7909360669005,2.01112150461253,1.63033139702785,1.07216468282647,3.81822355069471,0.992249949622336,5.19179929862423,1.6430652353758
Vehicle type,Light Commerical,1.89755296001514,0.581888779631248,0.931856217457466,43.7444998533294,2.0363151787435,1.66674201793335,1.08796202572821,3.88006398680123,1.007648937555,5.54414784394251,1.65408998691309
Vehicle type,Medium goods,1.57075790115177,0.487455305151,0.808918367441861,45.8604651162791,1.94180026609998,1.73186501684901,1.11930415939469,4.05587502127197,1.07845011627907,5.86046511627907,1.60588328630757
Vehicle type,Heavy goods,1.50132944399356,0.480435919413904,0.799830259117083,46.8330134357006,1.8770600722844,1.8851938294072,1.2411684471182,4.44107680155528,1.14401309021113,8.44529750479846,1.64787784819776
Business use,Y,1.78362738869562,0.554676353883006,0.8816707268431,44.5422630299757,2.02300851598199,1.71238978616868,1.12493376307696,4.00160939631164,1.03769038563327,5.84571068503016,1.65019336198596
Business use,N,2.11041174322248,0.661522451691999,1.0494544408368,41.5219331265642,2.01096080125184,1.62067212772634,1.06567282759853,3.79469050643618,0.98663319131279,5.12116922415071,1.64262883308224
