dev,cl_factor,cl_factor_true,link_min,link_max,paid_pct_cl,paid_pct_true,incr_pct_true
1,3.34324932832887,3.33286232802282,2.92114434727372,4.4204666858164,9.47794083092124,9.3823684007327,9.3823684007327
2,1.55942611772322,1.56184074962527,1.39360556743604,1.61504096517398,31.6871193169182,31.2701421904338,21.8877737897011
3,1.25900191546158,1.26008107714965,1.23487438636185,1.2967647187542,49.4137214582141,48.838982319596,17.5688401291622
4,1.15067319696011,1.15039974912845,1.13620643694832,1.17207369134788,62.2119699659767,61.5410774481691,12.7020951285731
5,1.09519347700448,1.09521168802823,1.08555926186868,1.1055381199123,71.5856463699365,70.7968400574681,9.25576260929895
6,1.06497975944278,1.06484975163935,1.05731075172425,1.08084509284624,78.400132951504,77.5375267064043,6.74068664893621
7,1.04486182403493,1.04470934845398,1.03912629860303,1.0523268236521,83.494554730975,82.5658160560442,5.02828934963996
8,1.03111865561707,1.03133846948249,1.02379299742736,1.04619489858671,87.2402727531905,86.2572798964814,3.69146384043718
9,1.02363713212875,1.02328990013602,1.01705104541942,1.03474684412195,89.9550727569365,88.96045103016,2.70317113367852
10,1.01949737045556,1.01855950487206,1.01431319884883,1.02925065272227,92.0813526973438,91.0323310507076,2.0718800205476
11,1.0135111144849,1.01345976506898,1.01059415739163,1.01495443002412,93.8766969429329,92.7218460423584,1.68951499165084
12,1.0124334711808,1.01137354059031,1.00795724335103,1.0206385917477,95.1450757427929,93.9698603068509,1.24801426449255
13,1.00939894391863,1.00774271166144,1.00711445614303,1.01361143327387,96.3280593000362,95.038630327317,1.06877002046608
14,1.00776147104368,1.00753232280045,1.00562283172303,1.00988124730398,97.2334413271873,95.7744870386399,0.73585671132291
15,1.00608568264272,1.00636785847522,1.00384368457824,1.0078217134439,97.988115866526,96.4958913910623,0.72140435242234
16,1.00465391866851,1.0038894551161,1.00330255768864,1.00645606241243,98.5844404424479,97.1103635708812,0.614472179818947
17,1.00321219944971,1.0038568913709,1.00258133861011,1.00404499545941,99.0432444102479,97.488069971298,0.377706400416841
18,1.00425026781029,1.00344524460174,1.00328835353802,1.00521421456085,99.3613910654398,97.864070867136,0.376000895837905
19,1.00216765268028,1.00267642004867,1.00216765268028,1.00216765268028,99.7837035874706,98.201236528995,0.337165661859075
20,,,,,100,98.4640642872455,0.262827758250481
