feature,level,dev_1,dev_2,dev_3,dev_4,dev_5,dev_6,dev_7,dev_8,dev_9,dev_10,dev_11,dev_12,dev_13,dev_14,dev_15,dev_16,dev_17,dev_18,dev_19,dev_20
Legal Representation,Y,15.7434986913561,42.8625188621594,59.9799411693567,71.2775437692952,78.7499183954084,84.1781075864922,87.6550742971614,90.2003033501399,92.3032620544903,93.8873611135442,95.2343051683671,96.0586410712461,96.8887001758358,97.5338028764978,98.0332638450529,98.5709871709392,98.6806507688862,99.0858233098075,99.1711617742283,99.2288417177181
Legal Representation,N,39.4487036577869,81.2510621369421,93.5689872782846,97.3707809570389,98.3039204086038,99.6175508519759,99.9557201118226,99.9938300646428,100,100,100,100,100,100,100,100,100,100,100,100
Injury Severity,1,23.1055608794637,58.3774504405967,77.1391556338445,86.9949981589297,92.5097820300377,95.5557723939486,97.3718804529792,98.3360212705208,98.8974273640584,99.3874276442284,99.5738943071436,99.7171711992206,99.8063430536448,99.9233552406027,99.9630246868765,99.9710776371657,99.9776867804232,99.9970536542897,99.9978007518127,99.9995164537687
Injury Severity,2,18.3033152794727,48.6716789246727,67.0598849296296,78.7054134771508,86.1600998146245,91.116925574742,94.2316110424748,96.0783139875836,97.17274810062,97.9769888914418,98.5406410192509,98.8924963736709,99.420438421833,99.642189305713,99.7481234941903,99.8034596269725,99.8380957213858,99.8861927949415,99.9773466646488,99.9980512301193
Injury Severity,3,13.9825111421055,40.0560082721345,57.5334761674425,69.1864527582706,77.1905228198121,82.7383660122471,86.4446243291993,89.6672531110854,91.9016620244675,93.3377730752351,95.4260249439641,96.246447246539,97.222025804873,97.7050811253657,97.9442756973635,98.8360466235144,99.0047063403026,99.694231017313,99.809414340154,99.8888734140872
Injury Severity,4,10.6892437828958,31.8071273639903,47.5768216428829,59.2091893062883,67.9477675713078,75.61963330998,79.893027126822,83.4930025779741,87.1733401382435,89.9127766020844,92.136803175391,93.6639566187547,95.3314398552476,96.9438380144677,97.8477519717678,98.7641598711065,98.9902608047459,99.3663122224087,99.4644681887572,99.5733879239871
Injury Severity,5,7.25332196846581,21.8116525693604,32.9348180028202,44.7475979729459,52.4161272199631,59.1402933005732,65.2941569156126,69.6405892987759,74.3979222064859,78.5655907266233,81.2705686510333,83.4964997378607,84.6017893516274,85.7760671074941,88.2741658220206,89.8561964289053,90.0183879603872,91.9503944685343,92.1275011794264,92.2584331446252
Injury Severity,6,24.393343016466,62.2818390923453,81.9880886946085,90.6232161096218,94.7855896281568,96.7678773603629,98.1824273979228,99.0831888383213,99.4546518313076,99.5178770472722,99.5847882978461,99.5856555762613,99.9568043205822,100,100,100,100,100,100,100
Age of Claimant,0-15,12.0038255911152,33.5414724297007,48.9167601388105,60.6711635895762,69.0898946517765,75.1178445783082,79.2798930572976,82.6007126770479,85.4079490245309,88.172903457046,90.0891169893076,91.1296313475827,92.4553824314482,93.8758366473936,95.329856553409,96.4083920831258,96.6215829473636,97.4685895644998,97.7040960236483,97.8857562349676
Age of Claimant,15-30,16.2806080956803,45.1861729556956,63.4432314137771,74.7044224152319,82.0714923961887,87.3496184563514,90.5888280686315,92.8530287925459,94.892455484397,96.0823467745364,97.3391075778761,98.3034020611152,98.7185885818884,98.9261791205254,99.0781874986507,99.7733459973047,99.8469565874202,99.9459827813396,99.9862481211112,99.9873207334397
Age of Claimant,30-50,16.7360815240153,45.0896638452899,62.3297604791396,73.2437387720958,80.5328534638682,85.7509881017719,88.8179544080691,91.2112257148211,93.3528315180092,94.4770433828408,95.9353110076145,96.7055011031939,97.6853374104164,98.0146676879423,98.2336338478717,98.5874336614872,98.7008742054945,99.2535199156869,99.3001307965926,99.3136265739152
Age of Claimant,50-65,17.3554387116272,46.479987857105,64.318597328533,76.0743205886866,83.1012166249131,88.8038727521147,92.3875607931869,94.6102392546298,96.1763046535156,97.2733479168824,97.87292250389,98.6102416351028,99.2693836151263,99.8221438338448,99.853444793946,99.8905217336114,99.9044051031848,99.9887798611441,99.999154534013,99.999154534013
Age of Claimant,over 65,19.9512123472819,51.6671212055381,69.2027638915971,79.5149530534518,85.7207323839469,90.008986753737,93.0740535150138,95.0327254735214,96.123216524165,97.4073843301699,98.2406840151225,98.4980603446502,98.7861701790791,99.333147624166,99.5524562582771,99.604760725989,99.6530237165796,99.6534611402254,99.6642072494488,99.7231507963001
Vehicle type,Passenger,15.8518749183697,43.1717121358355,60.4416508144948,71.7790765694581,79.2552031351311,84.5674684961914,88.0830005077794,90.584615562388,92.5627368541978,94.1317736641824,95.3917289024757,96.2490382471625,97.0347915062655,97.4496311355929,97.9911156686674,98.4657532002291,98.5982217228647,98.9804769571521,99.0424176494605,99.1090188467629
Vehicle type,Light Commerical,16.1657977545177,42.2478765215878,58.4741371205784,69.6347013456454,76.9672444260198,82.5007480657969,85.7263562385829,88.4676907922221,90.925315609028,92.5881063816884,94.3629526881141,94.9886409809235,96.0505850453004,97.6897789847975,98.0792901200785,98.9309989440613,98.9619712757526,99.4158133048543,99.5960043426924,99.6246427406077
Vehicle type,Medium goods,20.2320068620039,52.3233656841163,63.8207835284259,71.9454496433396,84.089212120679,88.7172900280623,92.4040764932235,96.227419490879,96.5119574005453,98.7396821809291,98.7491182321984,98.9887233178948,99.7628281448624,99.8979721512334,99.8979721512334,99.8979721512334,99.8979721512334,99.8979721512334,99.8979721512334,99.8979721512334
Vehicle type,Heavy goods,10.2441193234448,41.0878444468744,63.1805686952236,73.9832000263639,78.3441196401289,87.0700625217375,90.6241390468376,91.5139290453478,95.702608881485,96.2800347411153,97.1602501890785,98.8227164168047,98.8624116885384,98.8624116885384,98.8624116885384,98.89387418876,98.89387418876,99.8985174564805,100,100
Business use,Y,14.8894518076803,41.4491130357958,57.4192622748661,68.0571148764582,75.4727708792535,80.9842664607351,84.5520144315432,86.917100745381,89.6539769258,91.3084118731838,92.4410437177114,93.2972018139905,94.4875886979179,95.6606633926814,96.0611665979323,96.8873873532731,97.0401106878655,97.6429961055947,97.8447924460833,97.8980585876374
Business use,N,16.1711768316409,43.5649056708672,61.0219699466856,72.4845317033589,79.9333038640723,85.308223945496,88.735762559966,91.3230821178561,93.2079362930832,94.7591733255708,96.1666761052372,96.9754542485678,97.6838585471101,98.1543668292004,98.6825756243554,99.1237088649983,99.218767411256,99.557509914361,99.6047021328515,99.6634373930509
portfolio,all,15.8583584407863,43.0485243604361,60.1426914777862,71.4039743439074,78.8446641600948,84.2529169200257,87.7146750936153,90.2477563051368,92.3405553575055,93.9169789199226,95.2573965744527,96.0777382905957,96.9037754775981,97.5457524371133,98.0427933480575,98.5779112222483,98.6870434629089,99.0902528055963,99.1751777762441,99.2325782408656
