id,stage,dataset,unit,profile,validation,final_fit,script,args,kind,sessions,max_runs,n_runs,run_dir,pattern,needs
keras.check,0,baseline,"","","","",analysis/06_final-run/keras check.R,"",single,,,,"","",""
baseline.simulation,0,baseline,"","","","",analysis/00_claim-simulation/SynthETIC claims simulation.R,"",single,,,,"","",""
baseline.fingerprint,0,baseline,"","","","",analysis/00_claim-simulation/data fingerprint.R,check,single,,,,"","",baseline.simulation
baseline.triangles,0,baseline,"","","","",analysis/00_claim-simulation/claims triangles.R,"",single,,,,"","",baseline.fingerprint
baseline.nncl.cells,0,baseline,"","","","",analysis/04_nn-chain-ladder/trackA_wuthrich2018/NN chain ladder SynthETIC cells.R,"",single,,,,"","",baseline.fingerprint
baseline.nncl_numeric.cells,0,baseline,"",quick_age_numeric,"","",analysis/04_nn-chain-ladder/trackA_wuthrich2018/NN chain ladder SynthETIC cells.R,"",single,,,,"","",baseline.fingerprint;baseline.nncl.cells
baseline.description,0,baseline,"","","","",analysis/00_claim-simulation/SynthETIC claims description.R,"",single,,,,"","",baseline.fingerprint
baseline.features,0,baseline,"","","","",analysis/00_claim-simulation/SynthETIC feature impact.R,"",single,,,,"","",baseline.fingerprint
baseline.mack,0,baseline,"","","","",analysis/01_Mack model/Mack chainladder fit.R,"",single,,,,"","",baseline.triangles
baseline.odp,0,baseline,"","","","",analysis/02_ODP glm model/ODP glm fit plot.R,"",single,,,,"","",baseline.triangles
si_calendar.simulation,0,si_calendar,"","","","",analysis/00_claim-simulation/SynthETIC claims simulation.R,"",single,,,,"","",""
si_calendar.fingerprint,0,si_calendar,"","","","",analysis/00_claim-simulation/data fingerprint.R,check,single,,,,"","",si_calendar.simulation
si_calendar.triangles,0,si_calendar,"","","","",analysis/00_claim-simulation/claims triangles.R,"",single,,,,"","",si_calendar.fingerprint
si_calendar.nncl.cells,0,si_calendar,"","","","",analysis/04_nn-chain-ladder/trackA_wuthrich2018/NN chain ladder SynthETIC cells.R,"",single,,,,"","",si_calendar.fingerprint
si_calendar.nncl_numeric.cells,0,si_calendar,"",quick_age_numeric,"","",analysis/04_nn-chain-ladder/trackA_wuthrich2018/NN chain ladder SynthETIC cells.R,"",single,,,,"","",si_calendar.fingerprint;si_calendar.nncl.cells
si_calendar.description,0,si_calendar,"","","","",analysis/00_claim-simulation/SynthETIC claims description.R,"",single,,,,"","",si_calendar.fingerprint
si_calendar.features,0,si_calendar,"","","","",analysis/00_claim-simulation/SynthETIC feature impact.R,"",single,,,,"","",si_calendar.fingerprint
si_calendar.mack,0,si_calendar,"","","","",analysis/01_Mack model/Mack chainladder fit.R,"",single,,,,"","",si_calendar.triangles
si_calendar.odp,0,si_calendar,"","","","",analysis/02_ODP glm model/ODP glm fit plot.R,"",single,,,,"","",si_calendar.triangles
long_reporting.simulation,0,long_reporting,"","","","",analysis/00_claim-simulation/SynthETIC claims simulation.R,"",single,,,,"","",""
long_reporting.fingerprint,0,long_reporting,"","","","",analysis/00_claim-simulation/data fingerprint.R,check,single,,,,"","",long_reporting.simulation
long_reporting.triangles,0,long_reporting,"","","","",analysis/00_claim-simulation/claims triangles.R,"",single,,,,"","",long_reporting.fingerprint
long_reporting.nncl.cells,0,long_reporting,"","","","",analysis/04_nn-chain-ladder/trackA_wuthrich2018/NN chain ladder SynthETIC cells.R,"",single,,,,"","",long_reporting.fingerprint
long_reporting.nncl_numeric.cells,0,long_reporting,"",quick_age_numeric,"","",analysis/04_nn-chain-ladder/trackA_wuthrich2018/NN chain ladder SynthETIC cells.R,"",single,,,,"","",long_reporting.fingerprint;long_reporting.nncl.cells
long_reporting.description,0,long_reporting,"","","","",analysis/00_claim-simulation/SynthETIC claims description.R,"",single,,,,"","",long_reporting.fingerprint
long_reporting.features,0,long_reporting,"","","","",analysis/00_claim-simulation/SynthETIC feature impact.R,"",single,,,,"","",long_reporting.fingerprint
long_reporting.mack,0,long_reporting,"","","","",analysis/01_Mack model/Mack chainladder fit.R,"",single,,,,"","",long_reporting.triangles
long_reporting.odp,0,long_reporting,"","","","",analysis/02_ODP glm model/ODP glm fit plot.R,"",single,,,,"","",long_reporting.triangles
baseline.bccnn.fit.rolling_origin_refit,1,baseline,"","",rolling_origin,refit,analysis/03_bCCNN/bCCNN fit.R,"",single,,,,"","",baseline.triangles;keras.check
baseline.bccnn.fit.rolling_origin_partition,1,baseline,"","",rolling_origin,partition,analysis/03_bCCNN/bCCNN fit.R,"",single,,,,"","",baseline.triangles;keras.check
baseline.bccnn.fit.claims_split_refit,1,baseline,"","",claims_split,refit,analysis/03_bCCNN/bCCNN fit.R,"",single,,,,"","",baseline.triangles;keras.check
baseline.nncl.main,1,baseline,"","","","",analysis/04_nn-chain-ladder/trackA_wuthrich2018/NN chain ladder SynthETIC fit.R,main,queue,6,8,6,data/processed/quick/baseline,^nncl_synthetic_fit_(paper_q5|paper_q10|paper_q20|s1_adam|s2_early_stop|s3_cl_start)[.]rds$,baseline.nncl.cells;baseline.nncl_numeric.cells;keras.check
baseline.nncl.main.analysis,1,baseline,"","","","",analysis/04_nn-chain-ladder/trackA_wuthrich2018/NN chain ladder SynthETIC analysis.R,"",single,,,,"","",baseline.nncl.cells;baseline.nncl_numeric.cells;baseline.nncl.main
baseline.nncl_numeric.main,1,baseline,"",quick_age_numeric,"","",analysis/04_nn-chain-ladder/trackA_wuthrich2018/NN chain ladder SynthETIC fit.R,main,queue,6,8,6,data/processed/quick/baseline,^nncl_synthetic_age_numeric_fit_(paper_q5|paper_q10|paper_q20|s1_adam|s2_early_stop|s3_cl_start)[.]rds$,baseline.nncl.cells;baseline.nncl_numeric.cells;keras.check
baseline.nncl_numeric.main.analysis,1,baseline,"",quick_age_numeric,"","",analysis/04_nn-chain-ladder/trackA_wuthrich2018/NN chain ladder SynthETIC analysis.R,"",single,,,,"","",baseline.nncl.cells;baseline.nncl_numeric.cells;baseline.nncl_numeric.main
baseline.bccnn.partitions,1,baseline,"","","","",analysis/03_bCCNN/bCCNN partitions.R,"",single,,,,"","",baseline.triangles
baseline.nncl.partition,1,baseline,"","","","",analysis/04_nn-chain-ladder/trackA_wuthrich2018/NN chain ladder SynthETIC partition.R,"",single,,,,"","",baseline.nncl.cells;baseline.nncl_numeric.cells
si_calendar.bccnn.fit.rolling_origin_refit,1,si_calendar,"","",rolling_origin,refit,analysis/03_bCCNN/bCCNN fit.R,"",single,,,,"","",si_calendar.triangles;keras.check
si_calendar.bccnn.fit.rolling_origin_partition,1,si_calendar,"","",rolling_origin,partition,analysis/03_bCCNN/bCCNN fit.R,"",single,,,,"","",si_calendar.triangles;keras.check
si_calendar.bccnn.fit.claims_split_refit,1,si_calendar,"","",claims_split,refit,analysis/03_bCCNN/bCCNN fit.R,"",single,,,,"","",si_calendar.triangles;keras.check
si_calendar.nncl.main,1,si_calendar,"","","","",analysis/04_nn-chain-ladder/trackA_wuthrich2018/NN chain ladder SynthETIC fit.R,main,queue,6,8,6,data/processed/quick/si_calendar,^nncl_synthetic_fit_(paper_q5|paper_q10|paper_q20|s1_adam|s2_early_stop|s3_cl_start)[.]rds$,si_calendar.nncl.cells;si_calendar.nncl_numeric.cells;keras.check
si_calendar.nncl.main.analysis,1,si_calendar,"","","","",analysis/04_nn-chain-ladder/trackA_wuthrich2018/NN chain ladder SynthETIC analysis.R,"",single,,,,"","",si_calendar.nncl.cells;si_calendar.nncl_numeric.cells;si_calendar.nncl.main
si_calendar.nncl_numeric.main,1,si_calendar,"",quick_age_numeric,"","",analysis/04_nn-chain-ladder/trackA_wuthrich2018/NN chain ladder SynthETIC fit.R,main,queue,6,8,6,data/processed/quick/si_calendar,^nncl_synthetic_age_numeric_fit_(paper_q5|paper_q10|paper_q20|s1_adam|s2_early_stop|s3_cl_start)[.]rds$,si_calendar.nncl.cells;si_calendar.nncl_numeric.cells;keras.check
si_calendar.nncl_numeric.main.analysis,1,si_calendar,"",quick_age_numeric,"","",analysis/04_nn-chain-ladder/trackA_wuthrich2018/NN chain ladder SynthETIC analysis.R,"",single,,,,"","",si_calendar.nncl.cells;si_calendar.nncl_numeric.cells;si_calendar.nncl_numeric.main
si_calendar.bccnn.partitions,1,si_calendar,"","","","",analysis/03_bCCNN/bCCNN partitions.R,"",single,,,,"","",si_calendar.triangles
si_calendar.nncl.partition,1,si_calendar,"","","","",analysis/04_nn-chain-ladder/trackA_wuthrich2018/NN chain ladder SynthETIC partition.R,"",single,,,,"","",si_calendar.nncl.cells;si_calendar.nncl_numeric.cells
long_reporting.bccnn.fit.rolling_origin_refit,1,long_reporting,"","",rolling_origin,refit,analysis/03_bCCNN/bCCNN fit.R,"",single,,,,"","",long_reporting.triangles;keras.check
long_reporting.bccnn.fit.rolling_origin_partition,1,long_reporting,"","",rolling_origin,partition,analysis/03_bCCNN/bCCNN fit.R,"",single,,,,"","",long_reporting.triangles;keras.check
long_reporting.bccnn.fit.claims_split_refit,1,long_reporting,"","",claims_split,refit,analysis/03_bCCNN/bCCNN fit.R,"",single,,,,"","",long_reporting.triangles;keras.check
long_reporting.nncl.main,1,long_reporting,"","","","",analysis/04_nn-chain-ladder/trackA_wuthrich2018/NN chain ladder SynthETIC fit.R,main,queue,6,8,6,data/processed/quick/long_reporting,^nncl_synthetic_fit_(paper_q5|paper_q10|paper_q20|s1_adam|s2_early_stop|s3_cl_start)[.]rds$,long_reporting.nncl.cells;long_reporting.nncl_numeric.cells;keras.check
long_reporting.nncl.main.analysis,1,long_reporting,"","","","",analysis/04_nn-chain-ladder/trackA_wuthrich2018/NN chain ladder SynthETIC analysis.R,"",single,,,,"","",long_reporting.nncl.cells;long_reporting.nncl_numeric.cells;long_reporting.nncl.main
long_reporting.nncl_numeric.main,1,long_reporting,"",quick_age_numeric,"","",analysis/04_nn-chain-ladder/trackA_wuthrich2018/NN chain ladder SynthETIC fit.R,main,queue,6,8,6,data/processed/quick/long_reporting,^nncl_synthetic_age_numeric_fit_(paper_q5|paper_q10|paper_q20|s1_adam|s2_early_stop|s3_cl_start)[.]rds$,long_reporting.nncl.cells;long_reporting.nncl_numeric.cells;keras.check
long_reporting.nncl_numeric.main.analysis,1,long_reporting,"",quick_age_numeric,"","",analysis/04_nn-chain-ladder/trackA_wuthrich2018/NN chain ladder SynthETIC analysis.R,"",single,,,,"","",long_reporting.nncl.cells;long_reporting.nncl_numeric.cells;long_reporting.nncl_numeric.main
long_reporting.bccnn.partitions,1,long_reporting,"","","","",analysis/03_bCCNN/bCCNN partitions.R,"",single,,,,"","",long_reporting.triangles
long_reporting.nncl.partition,1,long_reporting,"","","","",analysis/04_nn-chain-ladder/trackA_wuthrich2018/NN chain ladder SynthETIC partition.R,"",single,,,,"","",long_reporting.nncl.cells;long_reporting.nncl_numeric.cells
baseline.bccnn.bootstrap.rolling_origin_refit.benchmark,2,baseline,"","",rolling_origin,refit,analysis/03_bCCNN/bCCNN bootstrap fit.R,"",queue,1,1,1,data/processed/quick/baseline,^bccnn_bootstrap_rolling_origin_refit_c[0-9]+[.]rds$,baseline.bccnn.fit.rolling_origin_refit;keras.check
baseline.bccnn.bootstrap.rolling_origin_partition.benchmark,2,baseline,"","",rolling_origin,partition,analysis/03_bCCNN/bCCNN bootstrap fit.R,"",queue,1,1,1,data/processed/quick/baseline,^bccnn_bootstrap_rolling_origin_partition_c[0-9]+[.]rds$,baseline.bccnn.fit.rolling_origin_partition;keras.check
baseline.bccnn.bootstrap.claims_split_refit.benchmark,2,baseline,"","",claims_split,refit,analysis/03_bCCNN/bCCNN bootstrap fit.R,"",queue,1,1,1,data/processed/quick/baseline,^bccnn_bootstrap_claims_split_refit_c[0-9]+[.]rds$,baseline.bccnn.fit.claims_split_refit;keras.check
baseline.bccnn.masking.benchmark,2,baseline,"","","","",analysis/03_bCCNN/bCCNN masking fit.R,"",queue,1,1,1,data/processed/quick/baseline,^bccnn_masking_fit_s[0-9]+[.]rds$,baseline.triangles;keras.check
baseline.nncl.grid.benchmark,2,baseline,"","","","",analysis/04_nn-chain-ladder/trackA_wuthrich2018/NN chain ladder SynthETIC fit.R,grid,queue,1,1,1,data/processed/quick/baseline,^nncl_synthetic_fit_grid_.*[.]rds$,baseline.nncl.cells;baseline.nncl_numeric.cells;keras.check
baseline.nncl.cl_grid.benchmark,2,baseline,"","","","",analysis/04_nn-chain-ladder/trackA_wuthrich2018/NN chain ladder SynthETIC fit.R,cl_grid,queue,1,1,1,data/processed/quick/baseline,^nncl_synthetic_fit_clgrid_.*[.]rds$,baseline.nncl.cells;baseline.nncl_numeric.cells;keras.check
baseline.nncl_numeric.grid.benchmark,2,baseline,"",quick_age_numeric,"","",analysis/04_nn-chain-ladder/trackA_wuthrich2018/NN chain ladder SynthETIC fit.R,grid,queue,1,1,1,data/processed/quick/baseline,^nncl_synthetic_age_numeric_fit_grid_.*[.]rds$,baseline.nncl.cells;baseline.nncl_numeric.cells;keras.check
baseline.nncl_numeric.cl_grid.benchmark,2,baseline,"",quick_age_numeric,"","",analysis/04_nn-chain-ladder/trackA_wuthrich2018/NN chain ladder SynthETIC fit.R,cl_grid,queue,1,1,1,data/processed/quick/baseline,^nncl_synthetic_age_numeric_fit_clgrid_.*[.]rds$,baseline.nncl.cells;baseline.nncl_numeric.cells;keras.check
baseline.bccnn.grid.benchmark,2,baseline,"","","","",analysis/03_bCCNN/bCCNN grid fit.R,"",queue,1,1,1,data/processed/quick/baseline,^bccnn_grid_fit_.*[.]rds$,baseline.triangles;baseline.bccnn.fit.rolling_origin_refit;keras.check
si_calendar.bccnn.bootstrap.rolling_origin_refit.benchmark,2,si_calendar,"","",rolling_origin,refit,analysis/03_bCCNN/bCCNN bootstrap fit.R,"",queue,1,1,1,data/processed/quick/si_calendar,^bccnn_bootstrap_rolling_origin_refit_c[0-9]+[.]rds$,si_calendar.bccnn.fit.rolling_origin_refit;keras.check
si_calendar.bccnn.bootstrap.rolling_origin_partition.benchmark,2,si_calendar,"","",rolling_origin,partition,analysis/03_bCCNN/bCCNN bootstrap fit.R,"",queue,1,1,1,data/processed/quick/si_calendar,^bccnn_bootstrap_rolling_origin_partition_c[0-9]+[.]rds$,si_calendar.bccnn.fit.rolling_origin_partition;keras.check
si_calendar.bccnn.bootstrap.claims_split_refit.benchmark,2,si_calendar,"","",claims_split,refit,analysis/03_bCCNN/bCCNN bootstrap fit.R,"",queue,1,1,1,data/processed/quick/si_calendar,^bccnn_bootstrap_claims_split_refit_c[0-9]+[.]rds$,si_calendar.bccnn.fit.claims_split_refit;keras.check
si_calendar.bccnn.masking.benchmark,2,si_calendar,"","","","",analysis/03_bCCNN/bCCNN masking fit.R,"",queue,1,1,1,data/processed/quick/si_calendar,^bccnn_masking_fit_s[0-9]+[.]rds$,si_calendar.triangles;keras.check
si_calendar.nncl.grid.benchmark,2,si_calendar,"","","","",analysis/04_nn-chain-ladder/trackA_wuthrich2018/NN chain ladder SynthETIC fit.R,grid,queue,1,1,1,data/processed/quick/si_calendar,^nncl_synthetic_fit_grid_.*[.]rds$,si_calendar.nncl.cells;si_calendar.nncl_numeric.cells;keras.check
si_calendar.nncl.cl_grid.benchmark,2,si_calendar,"","","","",analysis/04_nn-chain-ladder/trackA_wuthrich2018/NN chain ladder SynthETIC fit.R,cl_grid,queue,1,1,1,data/processed/quick/si_calendar,^nncl_synthetic_fit_clgrid_.*[.]rds$,si_calendar.nncl.cells;si_calendar.nncl_numeric.cells;keras.check
si_calendar.nncl_numeric.grid.benchmark,2,si_calendar,"",quick_age_numeric,"","",analysis/04_nn-chain-ladder/trackA_wuthrich2018/NN chain ladder SynthETIC fit.R,grid,queue,1,1,1,data/processed/quick/si_calendar,^nncl_synthetic_age_numeric_fit_grid_.*[.]rds$,si_calendar.nncl.cells;si_calendar.nncl_numeric.cells;keras.check
si_calendar.nncl_numeric.cl_grid.benchmark,2,si_calendar,"",quick_age_numeric,"","",analysis/04_nn-chain-ladder/trackA_wuthrich2018/NN chain ladder SynthETIC fit.R,cl_grid,queue,1,1,1,data/processed/quick/si_calendar,^nncl_synthetic_age_numeric_fit_clgrid_.*[.]rds$,si_calendar.nncl.cells;si_calendar.nncl_numeric.cells;keras.check
si_calendar.bccnn.grid.benchmark,2,si_calendar,"","","","",analysis/03_bCCNN/bCCNN grid fit.R,"",queue,1,1,1,data/processed/quick/si_calendar,^bccnn_grid_fit_.*[.]rds$,si_calendar.triangles;si_calendar.bccnn.fit.rolling_origin_refit;keras.check
long_reporting.bccnn.bootstrap.rolling_origin_refit.benchmark,2,long_reporting,"","",rolling_origin,refit,analysis/03_bCCNN/bCCNN bootstrap fit.R,"",queue,1,1,1,data/processed/quick/long_reporting,^bccnn_bootstrap_rolling_origin_refit_c[0-9]+[.]rds$,long_reporting.bccnn.fit.rolling_origin_refit;keras.check
long_reporting.bccnn.bootstrap.rolling_origin_partition.benchmark,2,long_reporting,"","",rolling_origin,partition,analysis/03_bCCNN/bCCNN bootstrap fit.R,"",queue,1,1,1,data/processed/quick/long_reporting,^bccnn_bootstrap_rolling_origin_partition_c[0-9]+[.]rds$,long_reporting.bccnn.fit.rolling_origin_partition;keras.check
long_reporting.bccnn.bootstrap.claims_split_refit.benchmark,2,long_reporting,"","",claims_split,refit,analysis/03_bCCNN/bCCNN bootstrap fit.R,"",queue,1,1,1,data/processed/quick/long_reporting,^bccnn_bootstrap_claims_split_refit_c[0-9]+[.]rds$,long_reporting.bccnn.fit.claims_split_refit;keras.check
long_reporting.bccnn.masking.benchmark,2,long_reporting,"","","","",analysis/03_bCCNN/bCCNN masking fit.R,"",queue,1,1,1,data/processed/quick/long_reporting,^bccnn_masking_fit_s[0-9]+[.]rds$,long_reporting.triangles;keras.check
long_reporting.nncl.grid.benchmark,2,long_reporting,"","","","",analysis/04_nn-chain-ladder/trackA_wuthrich2018/NN chain ladder SynthETIC fit.R,grid,queue,1,1,1,data/processed/quick/long_reporting,^nncl_synthetic_fit_grid_.*[.]rds$,long_reporting.nncl.cells;long_reporting.nncl_numeric.cells;keras.check
long_reporting.nncl.cl_grid.benchmark,2,long_reporting,"","","","",analysis/04_nn-chain-ladder/trackA_wuthrich2018/NN chain ladder SynthETIC fit.R,cl_grid,queue,1,1,1,data/processed/quick/long_reporting,^nncl_synthetic_fit_clgrid_.*[.]rds$,long_reporting.nncl.cells;long_reporting.nncl_numeric.cells;keras.check
long_reporting.nncl_numeric.grid.benchmark,2,long_reporting,"",quick_age_numeric,"","",analysis/04_nn-chain-ladder/trackA_wuthrich2018/NN chain ladder SynthETIC fit.R,grid,queue,1,1,1,data/processed/quick/long_reporting,^nncl_synthetic_age_numeric_fit_grid_.*[.]rds$,long_reporting.nncl.cells;long_reporting.nncl_numeric.cells;keras.check
long_reporting.nncl_numeric.cl_grid.benchmark,2,long_reporting,"",quick_age_numeric,"","",analysis/04_nn-chain-ladder/trackA_wuthrich2018/NN chain ladder SynthETIC fit.R,cl_grid,queue,1,1,1,data/processed/quick/long_reporting,^nncl_synthetic_age_numeric_fit_clgrid_.*[.]rds$,long_reporting.nncl.cells;long_reporting.nncl_numeric.cells;keras.check
long_reporting.bccnn.grid.benchmark,2,long_reporting,"","","","",analysis/03_bCCNN/bCCNN grid fit.R,"",queue,1,1,1,data/processed/quick/long_reporting,^bccnn_grid_fit_.*[.]rds$,long_reporting.triangles;long_reporting.bccnn.fit.rolling_origin_refit;keras.check
status.benchmark,2,baseline,"","","","",analysis/06_final-run/final run status.R,status.benchmark,single,,,,"","",baseline.bccnn.bootstrap.rolling_origin_refit.benchmark;baseline.bccnn.bootstrap.rolling_origin_partition.benchmark;baseline.bccnn.bootstrap.claims_split_refit.benchmark;baseline.bccnn.masking.benchmark;baseline.nncl.grid.benchmark;baseline.nncl.cl_grid.benchmark;baseline.nncl_numeric.grid.benchmark;baseline.nncl_numeric.cl_grid.benchmark;baseline.bccnn.grid.benchmark;si_calendar.bccnn.bootstrap.rolling_origin_refit.benchmark;si_calendar.bccnn.bootstrap.rolling_origin_partition.benchmark;si_calendar.bccnn.bootstrap.claims_split_refit.benchmark;si_calendar.bccnn.masking.benchmark;si_calendar.nncl.grid.benchmark;si_calendar.nncl.cl_grid.benchmark;si_calendar.nncl_numeric.grid.benchmark;si_calendar.nncl_numeric.cl_grid.benchmark;si_calendar.bccnn.grid.benchmark;long_reporting.bccnn.bootstrap.rolling_origin_refit.benchmark;long_reporting.bccnn.bootstrap.rolling_origin_partition.benchmark;long_reporting.bccnn.bootstrap.claims_split_refit.benchmark;long_reporting.bccnn.masking.benchmark;long_reporting.nncl.grid.benchmark;long_reporting.nncl.cl_grid.benchmark;long_reporting.nncl_numeric.grid.benchmark;long_reporting.nncl_numeric.cl_grid.benchmark;long_reporting.bccnn.grid.benchmark
baseline.bccnn.search,3,baseline,"","","","",analysis/03_bCCNN/bCCNN hyperparameter search.R,"",single,,,,"","",baseline.triangles;keras.check
baseline.bccnn.bootstrap.rolling_origin_refit,3,baseline,"","",rolling_origin,refit,analysis/03_bCCNN/bCCNN bootstrap fit.R,"",queue,2,1,2,data/processed/quick/baseline,^bccnn_bootstrap_rolling_origin_refit_c[0-9]+[.]rds$,baseline.bccnn.fit.rolling_origin_refit;keras.check;baseline.bccnn.bootstrap.rolling_origin_refit.benchmark
baseline.bccnn.bootstrap.rolling_origin_refit.analysis,3,baseline,"","",rolling_origin,refit,analysis/03_bCCNN/bCCNN bootstrap analysis.R,"",single,,,,"","",baseline.triangles;baseline.bccnn.fit.rolling_origin_refit;baseline.bccnn.bootstrap.rolling_origin_refit
baseline.bccnn.bootstrap.rolling_origin_partition,3,baseline,"","",rolling_origin,partition,analysis/03_bCCNN/bCCNN bootstrap fit.R,"",queue,2,1,2,data/processed/quick/baseline,^bccnn_bootstrap_rolling_origin_partition_c[0-9]+[.]rds$,baseline.bccnn.fit.rolling_origin_partition;keras.check;baseline.bccnn.bootstrap.rolling_origin_partition.benchmark
baseline.bccnn.bootstrap.rolling_origin_partition.analysis,3,baseline,"","",rolling_origin,partition,analysis/03_bCCNN/bCCNN bootstrap analysis.R,"",single,,,,"","",baseline.triangles;baseline.bccnn.fit.rolling_origin_partition;baseline.bccnn.bootstrap.rolling_origin_partition
baseline.bccnn.bootstrap.claims_split_refit,3,baseline,"","",claims_split,refit,analysis/03_bCCNN/bCCNN bootstrap fit.R,"",queue,2,1,2,data/processed/quick/baseline,^bccnn_bootstrap_claims_split_refit_c[0-9]+[.]rds$,baseline.bccnn.fit.claims_split_refit;keras.check;baseline.bccnn.bootstrap.claims_split_refit.benchmark
baseline.bccnn.bootstrap.claims_split_refit.analysis,3,baseline,"","",claims_split,refit,analysis/03_bCCNN/bCCNN bootstrap analysis.R,"",single,,,,"","",baseline.triangles;baseline.bccnn.fit.claims_split_refit;baseline.bccnn.bootstrap.claims_split_refit
baseline.bccnn.masking,3,baseline,"","","","",analysis/03_bCCNN/bCCNN masking fit.R,"",queue,2,5,2,data/processed/quick/baseline,^bccnn_masking_fit_s[0-9]+[.]rds$,baseline.triangles;keras.check;baseline.bccnn.masking.benchmark
baseline.bccnn.masking.analysis,3,baseline,"","","","",analysis/03_bCCNN/bCCNN masking analysis.R,"",single,,,,"","",baseline.triangles;baseline.bccnn.masking
baseline.timings.stage3,3,baseline,"","","","",analysis/06_final-run/final run timings.R,"",single,,,,"","",baseline.bccnn.fit.rolling_origin_refit;baseline.bccnn.fit.rolling_origin_partition;baseline.bccnn.fit.claims_split_refit;baseline.nncl.main;baseline.nncl_numeric.main;baseline.bccnn.search;baseline.bccnn.bootstrap.rolling_origin_refit;baseline.bccnn.bootstrap.rolling_origin_partition;baseline.bccnn.bootstrap.claims_split_refit;baseline.bccnn.masking
si_calendar.bccnn.search,3,si_calendar,"","","","",analysis/03_bCCNN/bCCNN hyperparameter search.R,"",single,,,,"","",si_calendar.triangles;keras.check
si_calendar.bccnn.bootstrap.rolling_origin_refit,3,si_calendar,"","",rolling_origin,refit,analysis/03_bCCNN/bCCNN bootstrap fit.R,"",queue,2,1,2,data/processed/quick/si_calendar,^bccnn_bootstrap_rolling_origin_refit_c[0-9]+[.]rds$,si_calendar.bccnn.fit.rolling_origin_refit;keras.check;si_calendar.bccnn.bootstrap.rolling_origin_refit.benchmark
si_calendar.bccnn.bootstrap.rolling_origin_refit.analysis,3,si_calendar,"","",rolling_origin,refit,analysis/03_bCCNN/bCCNN bootstrap analysis.R,"",single,,,,"","",si_calendar.triangles;si_calendar.bccnn.fit.rolling_origin_refit;si_calendar.bccnn.bootstrap.rolling_origin_refit
si_calendar.bccnn.bootstrap.rolling_origin_partition,3,si_calendar,"","",rolling_origin,partition,analysis/03_bCCNN/bCCNN bootstrap fit.R,"",queue,2,1,2,data/processed/quick/si_calendar,^bccnn_bootstrap_rolling_origin_partition_c[0-9]+[.]rds$,si_calendar.bccnn.fit.rolling_origin_partition;keras.check;si_calendar.bccnn.bootstrap.rolling_origin_partition.benchmark
si_calendar.bccnn.bootstrap.rolling_origin_partition.analysis,3,si_calendar,"","",rolling_origin,partition,analysis/03_bCCNN/bCCNN bootstrap analysis.R,"",single,,,,"","",si_calendar.triangles;si_calendar.bccnn.fit.rolling_origin_partition;si_calendar.bccnn.bootstrap.rolling_origin_partition
si_calendar.bccnn.bootstrap.claims_split_refit,3,si_calendar,"","",claims_split,refit,analysis/03_bCCNN/bCCNN bootstrap fit.R,"",queue,2,1,2,data/processed/quick/si_calendar,^bccnn_bootstrap_claims_split_refit_c[0-9]+[.]rds$,si_calendar.bccnn.fit.claims_split_refit;keras.check;si_calendar.bccnn.bootstrap.claims_split_refit.benchmark
si_calendar.bccnn.bootstrap.claims_split_refit.analysis,3,si_calendar,"","",claims_split,refit,analysis/03_bCCNN/bCCNN bootstrap analysis.R,"",single,,,,"","",si_calendar.triangles;si_calendar.bccnn.fit.claims_split_refit;si_calendar.bccnn.bootstrap.claims_split_refit
si_calendar.bccnn.masking,3,si_calendar,"","","","",analysis/03_bCCNN/bCCNN masking fit.R,"",queue,2,5,2,data/processed/quick/si_calendar,^bccnn_masking_fit_s[0-9]+[.]rds$,si_calendar.triangles;keras.check;si_calendar.bccnn.masking.benchmark
si_calendar.bccnn.masking.analysis,3,si_calendar,"","","","",analysis/03_bCCNN/bCCNN masking analysis.R,"",single,,,,"","",si_calendar.triangles;si_calendar.bccnn.masking
si_calendar.timings.stage3,3,si_calendar,"","","","",analysis/06_final-run/final run timings.R,"",single,,,,"","",si_calendar.bccnn.fit.rolling_origin_refit;si_calendar.bccnn.fit.rolling_origin_partition;si_calendar.bccnn.fit.claims_split_refit;si_calendar.nncl.main;si_calendar.nncl_numeric.main;si_calendar.bccnn.search;si_calendar.bccnn.bootstrap.rolling_origin_refit;si_calendar.bccnn.bootstrap.rolling_origin_partition;si_calendar.bccnn.bootstrap.claims_split_refit;si_calendar.bccnn.masking
long_reporting.bccnn.search,3,long_reporting,"","","","",analysis/03_bCCNN/bCCNN hyperparameter search.R,"",single,,,,"","",long_reporting.triangles;keras.check
long_reporting.bccnn.bootstrap.rolling_origin_refit,3,long_reporting,"","",rolling_origin,refit,analysis/03_bCCNN/bCCNN bootstrap fit.R,"",queue,2,1,2,data/processed/quick/long_reporting,^bccnn_bootstrap_rolling_origin_refit_c[0-9]+[.]rds$,long_reporting.bccnn.fit.rolling_origin_refit;keras.check;long_reporting.bccnn.bootstrap.rolling_origin_refit.benchmark
long_reporting.bccnn.bootstrap.rolling_origin_refit.analysis,3,long_reporting,"","",rolling_origin,refit,analysis/03_bCCNN/bCCNN bootstrap analysis.R,"",single,,,,"","",long_reporting.triangles;long_reporting.bccnn.fit.rolling_origin_refit;long_reporting.bccnn.bootstrap.rolling_origin_refit
long_reporting.bccnn.bootstrap.rolling_origin_partition,3,long_reporting,"","",rolling_origin,partition,analysis/03_bCCNN/bCCNN bootstrap fit.R,"",queue,2,1,2,data/processed/quick/long_reporting,^bccnn_bootstrap_rolling_origin_partition_c[0-9]+[.]rds$,long_reporting.bccnn.fit.rolling_origin_partition;keras.check;long_reporting.bccnn.bootstrap.rolling_origin_partition.benchmark
long_reporting.bccnn.bootstrap.rolling_origin_partition.analysis,3,long_reporting,"","",rolling_origin,partition,analysis/03_bCCNN/bCCNN bootstrap analysis.R,"",single,,,,"","",long_reporting.triangles;long_reporting.bccnn.fit.rolling_origin_partition;long_reporting.bccnn.bootstrap.rolling_origin_partition
long_reporting.bccnn.bootstrap.claims_split_refit,3,long_reporting,"","",claims_split,refit,analysis/03_bCCNN/bCCNN bootstrap fit.R,"",queue,2,1,2,data/processed/quick/long_reporting,^bccnn_bootstrap_claims_split_refit_c[0-9]+[.]rds$,long_reporting.bccnn.fit.claims_split_refit;keras.check;long_reporting.bccnn.bootstrap.claims_split_refit.benchmark
long_reporting.bccnn.bootstrap.claims_split_refit.analysis,3,long_reporting,"","",claims_split,refit,analysis/03_bCCNN/bCCNN bootstrap analysis.R,"",single,,,,"","",long_reporting.triangles;long_reporting.bccnn.fit.claims_split_refit;long_reporting.bccnn.bootstrap.claims_split_refit
long_reporting.bccnn.masking,3,long_reporting,"","","","",analysis/03_bCCNN/bCCNN masking fit.R,"",queue,2,5,2,data/processed/quick/long_reporting,^bccnn_masking_fit_s[0-9]+[.]rds$,long_reporting.triangles;keras.check;long_reporting.bccnn.masking.benchmark
long_reporting.bccnn.masking.analysis,3,long_reporting,"","","","",analysis/03_bCCNN/bCCNN masking analysis.R,"",single,,,,"","",long_reporting.triangles;long_reporting.bccnn.masking
long_reporting.timings.stage3,3,long_reporting,"","","","",analysis/06_final-run/final run timings.R,"",single,,,,"","",long_reporting.bccnn.fit.rolling_origin_refit;long_reporting.bccnn.fit.rolling_origin_partition;long_reporting.bccnn.fit.claims_split_refit;long_reporting.nncl.main;long_reporting.nncl_numeric.main;long_reporting.bccnn.search;long_reporting.bccnn.bootstrap.rolling_origin_refit;long_reporting.bccnn.bootstrap.rolling_origin_partition;long_reporting.bccnn.bootstrap.claims_split_refit;long_reporting.bccnn.masking
baseline.nncl.grid,4,baseline,"","","","",analysis/04_nn-chain-ladder/trackA_wuthrich2018/NN chain ladder SynthETIC fit.R,grid,queue,8,8,8,data/processed/quick/baseline,^nncl_synthetic_fit_grid_.*[.]rds$,baseline.nncl.cells;baseline.nncl_numeric.cells;keras.check;baseline.nncl.grid.benchmark
baseline.nncl.grid.analysis,4,baseline,"","","","",analysis/04_nn-chain-ladder/trackA_wuthrich2018/NN chain ladder SynthETIC analysis.R,"",single,,,,"","",baseline.nncl.cells;baseline.nncl_numeric.cells;baseline.nncl.grid;baseline.nncl.main.analysis
status.nncl.grid,4,baseline,"","","","",analysis/06_final-run/final run status.R,status.nncl.grid,single,,,,"","",baseline.nncl.grid;status.benchmark
baseline.nncl.cl_grid,4,baseline,"","","","",analysis/04_nn-chain-ladder/trackA_wuthrich2018/NN chain ladder SynthETIC fit.R,cl_grid,queue,8,8,8,data/processed/quick/baseline,^nncl_synthetic_fit_clgrid_.*[.]rds$,baseline.nncl.cells;baseline.nncl_numeric.cells;keras.check;baseline.nncl.cl_grid.benchmark
baseline.nncl.cl_grid.analysis,4,baseline,"","","","",analysis/04_nn-chain-ladder/trackA_wuthrich2018/NN chain ladder SynthETIC analysis.R,"",single,,,,"","",baseline.nncl.cells;baseline.nncl_numeric.cells;baseline.nncl.cl_grid;baseline.nncl.grid.analysis
status.nncl.cl_grid,4,baseline,"","","","",analysis/06_final-run/final run status.R,status.nncl.cl_grid,single,,,,"","",baseline.nncl.cl_grid;status.nncl.grid
si_calendar.nncl.grid,4,si_calendar,"","","","",analysis/04_nn-chain-ladder/trackA_wuthrich2018/NN chain ladder SynthETIC fit.R,grid,queue,8,8,8,data/processed/quick/si_calendar,^nncl_synthetic_fit_grid_.*[.]rds$,si_calendar.nncl.cells;si_calendar.nncl_numeric.cells;keras.check;si_calendar.nncl.grid.benchmark
si_calendar.nncl.grid.analysis,4,si_calendar,"","","","",analysis/04_nn-chain-ladder/trackA_wuthrich2018/NN chain ladder SynthETIC analysis.R,"",single,,,,"","",si_calendar.nncl.cells;si_calendar.nncl_numeric.cells;si_calendar.nncl.grid;si_calendar.nncl.main.analysis
si_calendar.nncl.cl_grid,4,si_calendar,"","","","",analysis/04_nn-chain-ladder/trackA_wuthrich2018/NN chain ladder SynthETIC fit.R,cl_grid,queue,8,8,8,data/processed/quick/si_calendar,^nncl_synthetic_fit_clgrid_.*[.]rds$,si_calendar.nncl.cells;si_calendar.nncl_numeric.cells;keras.check;si_calendar.nncl.cl_grid.benchmark
si_calendar.nncl.cl_grid.analysis,4,si_calendar,"","","","",analysis/04_nn-chain-ladder/trackA_wuthrich2018/NN chain ladder SynthETIC analysis.R,"",single,,,,"","",si_calendar.nncl.cells;si_calendar.nncl_numeric.cells;si_calendar.nncl.cl_grid;si_calendar.nncl.grid.analysis
long_reporting.nncl.grid,4,long_reporting,"","","","",analysis/04_nn-chain-ladder/trackA_wuthrich2018/NN chain ladder SynthETIC fit.R,grid,queue,8,8,8,data/processed/quick/long_reporting,^nncl_synthetic_fit_grid_.*[.]rds$,long_reporting.nncl.cells;long_reporting.nncl_numeric.cells;keras.check;long_reporting.nncl.grid.benchmark
long_reporting.nncl.grid.analysis,4,long_reporting,"","","","",analysis/04_nn-chain-ladder/trackA_wuthrich2018/NN chain ladder SynthETIC analysis.R,"",single,,,,"","",long_reporting.nncl.cells;long_reporting.nncl_numeric.cells;long_reporting.nncl.grid;long_reporting.nncl.main.analysis
long_reporting.nncl.cl_grid,4,long_reporting,"","","","",analysis/04_nn-chain-ladder/trackA_wuthrich2018/NN chain ladder SynthETIC fit.R,cl_grid,queue,8,8,8,data/processed/quick/long_reporting,^nncl_synthetic_fit_clgrid_.*[.]rds$,long_reporting.nncl.cells;long_reporting.nncl_numeric.cells;keras.check;long_reporting.nncl.cl_grid.benchmark
long_reporting.nncl.cl_grid.analysis,4,long_reporting,"","","","",analysis/04_nn-chain-ladder/trackA_wuthrich2018/NN chain ladder SynthETIC analysis.R,"",single,,,,"","",long_reporting.nncl.cells;long_reporting.nncl_numeric.cells;long_reporting.nncl.cl_grid;long_reporting.nncl.grid.analysis
baseline.nncl.search.cl_start,5,baseline,"","","","",analysis/04_nn-chain-ladder/trackA_wuthrich2018/NN chain ladder SynthETIC hyperparameter search.R,cl_start,single,,,,"","",baseline.nncl.cells;baseline.nncl_numeric.cells;keras.check
baseline.nncl.search.paper,5,baseline,"","","","",analysis/04_nn-chain-ladder/trackA_wuthrich2018/NN chain ladder SynthETIC hyperparameter search.R,paper,single,,,,"","",baseline.nncl.cells;baseline.nncl_numeric.cells;keras.check
baseline.nncl.search.early_stop,5,baseline,"","","","",analysis/04_nn-chain-ladder/trackA_wuthrich2018/NN chain ladder SynthETIC hyperparameter search.R,early_stop,single,,,,"","",baseline.nncl.cells;baseline.nncl_numeric.cells;keras.check
si_calendar.nncl.search.cl_start,5,si_calendar,"","","","",analysis/04_nn-chain-ladder/trackA_wuthrich2018/NN chain ladder SynthETIC hyperparameter search.R,cl_start,single,,,,"","",si_calendar.nncl.cells;si_calendar.nncl_numeric.cells;keras.check
si_calendar.nncl.search.paper,5,si_calendar,"","","","",analysis/04_nn-chain-ladder/trackA_wuthrich2018/NN chain ladder SynthETIC hyperparameter search.R,paper,single,,,,"","",si_calendar.nncl.cells;si_calendar.nncl_numeric.cells;keras.check
si_calendar.nncl.search.early_stop,5,si_calendar,"","","","",analysis/04_nn-chain-ladder/trackA_wuthrich2018/NN chain ladder SynthETIC hyperparameter search.R,early_stop,single,,,,"","",si_calendar.nncl.cells;si_calendar.nncl_numeric.cells;keras.check
long_reporting.nncl.search.cl_start,5,long_reporting,"","","","",analysis/04_nn-chain-ladder/trackA_wuthrich2018/NN chain ladder SynthETIC hyperparameter search.R,cl_start,single,,,,"","",long_reporting.nncl.cells;long_reporting.nncl_numeric.cells;keras.check
long_reporting.nncl.search.paper,5,long_reporting,"","","","",analysis/04_nn-chain-ladder/trackA_wuthrich2018/NN chain ladder SynthETIC hyperparameter search.R,paper,single,,,,"","",long_reporting.nncl.cells;long_reporting.nncl_numeric.cells;keras.check
long_reporting.nncl.search.early_stop,5,long_reporting,"","","","",analysis/04_nn-chain-ladder/trackA_wuthrich2018/NN chain ladder SynthETIC hyperparameter search.R,early_stop,single,,,,"","",long_reporting.nncl.cells;long_reporting.nncl_numeric.cells;keras.check
baseline.nncl_numeric.grid,6,baseline,"",quick_age_numeric,"","",analysis/04_nn-chain-ladder/trackA_wuthrich2018/NN chain ladder SynthETIC fit.R,grid,queue,8,8,8,data/processed/quick/baseline,^nncl_synthetic_age_numeric_fit_grid_.*[.]rds$,baseline.nncl.cells;baseline.nncl_numeric.cells;keras.check;baseline.nncl_numeric.grid.benchmark
baseline.nncl_numeric.grid.analysis,6,baseline,"",quick_age_numeric,"","",analysis/04_nn-chain-ladder/trackA_wuthrich2018/NN chain ladder SynthETIC analysis.R,"",single,,,,"","",baseline.nncl.cells;baseline.nncl_numeric.cells;baseline.nncl_numeric.grid;baseline.nncl_numeric.main.analysis
baseline.nncl_numeric.cl_grid,6,baseline,"",quick_age_numeric,"","",analysis/04_nn-chain-ladder/trackA_wuthrich2018/NN chain ladder SynthETIC fit.R,cl_grid,queue,8,8,8,data/processed/quick/baseline,^nncl_synthetic_age_numeric_fit_clgrid_.*[.]rds$,baseline.nncl.cells;baseline.nncl_numeric.cells;keras.check;baseline.nncl_numeric.cl_grid.benchmark
baseline.nncl_numeric.cl_grid.analysis,6,baseline,"",quick_age_numeric,"","",analysis/04_nn-chain-ladder/trackA_wuthrich2018/NN chain ladder SynthETIC analysis.R,"",single,,,,"","",baseline.nncl.cells;baseline.nncl_numeric.cells;baseline.nncl_numeric.cl_grid;baseline.nncl_numeric.grid.analysis
baseline.nncl.age_coding,6,baseline,"","","","",analysis/04_nn-chain-ladder/trackA_wuthrich2018/NN chain ladder SynthETIC age coding.R,"",single,,,,"","",baseline.nncl.cells;baseline.nncl_numeric.cells;baseline.nncl.main;baseline.nncl.grid;baseline.nncl.cl_grid;baseline.nncl_numeric.main;baseline.nncl_numeric.grid;baseline.nncl_numeric.cl_grid
si_calendar.nncl_numeric.grid,6,si_calendar,"",quick_age_numeric,"","",analysis/04_nn-chain-ladder/trackA_wuthrich2018/NN chain ladder SynthETIC fit.R,grid,queue,8,8,8,data/processed/quick/si_calendar,^nncl_synthetic_age_numeric_fit_grid_.*[.]rds$,si_calendar.nncl.cells;si_calendar.nncl_numeric.cells;keras.check;si_calendar.nncl_numeric.grid.benchmark
si_calendar.nncl_numeric.grid.analysis,6,si_calendar,"",quick_age_numeric,"","",analysis/04_nn-chain-ladder/trackA_wuthrich2018/NN chain ladder SynthETIC analysis.R,"",single,,,,"","",si_calendar.nncl.cells;si_calendar.nncl_numeric.cells;si_calendar.nncl_numeric.grid;si_calendar.nncl_numeric.main.analysis
si_calendar.nncl_numeric.cl_grid,6,si_calendar,"",quick_age_numeric,"","",analysis/04_nn-chain-ladder/trackA_wuthrich2018/NN chain ladder SynthETIC fit.R,cl_grid,queue,8,8,8,data/processed/quick/si_calendar,^nncl_synthetic_age_numeric_fit_clgrid_.*[.]rds$,si_calendar.nncl.cells;si_calendar.nncl_numeric.cells;keras.check;si_calendar.nncl_numeric.cl_grid.benchmark
si_calendar.nncl_numeric.cl_grid.analysis,6,si_calendar,"",quick_age_numeric,"","",analysis/04_nn-chain-ladder/trackA_wuthrich2018/NN chain ladder SynthETIC analysis.R,"",single,,,,"","",si_calendar.nncl.cells;si_calendar.nncl_numeric.cells;si_calendar.nncl_numeric.cl_grid;si_calendar.nncl_numeric.grid.analysis
si_calendar.nncl.age_coding,6,si_calendar,"","","","",analysis/04_nn-chain-ladder/trackA_wuthrich2018/NN chain ladder SynthETIC age coding.R,"",single,,,,"","",si_calendar.nncl.cells;si_calendar.nncl_numeric.cells;si_calendar.nncl.main;si_calendar.nncl.grid;si_calendar.nncl.cl_grid;si_calendar.nncl_numeric.main;si_calendar.nncl_numeric.grid;si_calendar.nncl_numeric.cl_grid
long_reporting.nncl_numeric.grid,6,long_reporting,"",quick_age_numeric,"","",analysis/04_nn-chain-ladder/trackA_wuthrich2018/NN chain ladder SynthETIC fit.R,grid,queue,8,8,8,data/processed/quick/long_reporting,^nncl_synthetic_age_numeric_fit_grid_.*[.]rds$,long_reporting.nncl.cells;long_reporting.nncl_numeric.cells;keras.check;long_reporting.nncl_numeric.grid.benchmark
long_reporting.nncl_numeric.grid.analysis,6,long_reporting,"",quick_age_numeric,"","",analysis/04_nn-chain-ladder/trackA_wuthrich2018/NN chain ladder SynthETIC analysis.R,"",single,,,,"","",long_reporting.nncl.cells;long_reporting.nncl_numeric.cells;long_reporting.nncl_numeric.grid;long_reporting.nncl_numeric.main.analysis
long_reporting.nncl_numeric.cl_grid,6,long_reporting,"",quick_age_numeric,"","",analysis/04_nn-chain-ladder/trackA_wuthrich2018/NN chain ladder SynthETIC fit.R,cl_grid,queue,8,8,8,data/processed/quick/long_reporting,^nncl_synthetic_age_numeric_fit_clgrid_.*[.]rds$,long_reporting.nncl.cells;long_reporting.nncl_numeric.cells;keras.check;long_reporting.nncl_numeric.cl_grid.benchmark
long_reporting.nncl_numeric.cl_grid.analysis,6,long_reporting,"",quick_age_numeric,"","",analysis/04_nn-chain-ladder/trackA_wuthrich2018/NN chain ladder SynthETIC analysis.R,"",single,,,,"","",long_reporting.nncl.cells;long_reporting.nncl_numeric.cells;long_reporting.nncl_numeric.cl_grid;long_reporting.nncl_numeric.grid.analysis
long_reporting.nncl.age_coding,6,long_reporting,"","","","",analysis/04_nn-chain-ladder/trackA_wuthrich2018/NN chain ladder SynthETIC age coding.R,"",single,,,,"","",long_reporting.nncl.cells;long_reporting.nncl_numeric.cells;long_reporting.nncl.main;long_reporting.nncl.grid;long_reporting.nncl.cl_grid;long_reporting.nncl_numeric.main;long_reporting.nncl_numeric.grid;long_reporting.nncl_numeric.cl_grid
baseline.nncl_numeric.search.cl_start,7,baseline,"",quick_age_numeric,"","",analysis/04_nn-chain-ladder/trackA_wuthrich2018/NN chain ladder SynthETIC hyperparameter search.R,cl_start,single,,,,"","",baseline.nncl.cells;baseline.nncl_numeric.cells;keras.check
baseline.nncl_numeric.search.paper,7,baseline,"",quick_age_numeric,"","",analysis/04_nn-chain-ladder/trackA_wuthrich2018/NN chain ladder SynthETIC hyperparameter search.R,paper,single,,,,"","",baseline.nncl.cells;baseline.nncl_numeric.cells;keras.check
baseline.nncl_numeric.search.early_stop,7,baseline,"",quick_age_numeric,"","",analysis/04_nn-chain-ladder/trackA_wuthrich2018/NN chain ladder SynthETIC hyperparameter search.R,early_stop,single,,,,"","",baseline.nncl.cells;baseline.nncl_numeric.cells;keras.check
si_calendar.nncl_numeric.search.cl_start,7,si_calendar,"",quick_age_numeric,"","",analysis/04_nn-chain-ladder/trackA_wuthrich2018/NN chain ladder SynthETIC hyperparameter search.R,cl_start,single,,,,"","",si_calendar.nncl.cells;si_calendar.nncl_numeric.cells;keras.check
si_calendar.nncl_numeric.search.paper,7,si_calendar,"",quick_age_numeric,"","",analysis/04_nn-chain-ladder/trackA_wuthrich2018/NN chain ladder SynthETIC hyperparameter search.R,paper,single,,,,"","",si_calendar.nncl.cells;si_calendar.nncl_numeric.cells;keras.check
si_calendar.nncl_numeric.search.early_stop,7,si_calendar,"",quick_age_numeric,"","",analysis/04_nn-chain-ladder/trackA_wuthrich2018/NN chain ladder SynthETIC hyperparameter search.R,early_stop,single,,,,"","",si_calendar.nncl.cells;si_calendar.nncl_numeric.cells;keras.check
long_reporting.nncl_numeric.search.cl_start,7,long_reporting,"",quick_age_numeric,"","",analysis/04_nn-chain-ladder/trackA_wuthrich2018/NN chain ladder SynthETIC hyperparameter search.R,cl_start,single,,,,"","",long_reporting.nncl.cells;long_reporting.nncl_numeric.cells;keras.check
long_reporting.nncl_numeric.search.paper,7,long_reporting,"",quick_age_numeric,"","",analysis/04_nn-chain-ladder/trackA_wuthrich2018/NN chain ladder SynthETIC hyperparameter search.R,paper,single,,,,"","",long_reporting.nncl.cells;long_reporting.nncl_numeric.cells;keras.check
long_reporting.nncl_numeric.search.early_stop,7,long_reporting,"",quick_age_numeric,"","",analysis/04_nn-chain-ladder/trackA_wuthrich2018/NN chain ladder SynthETIC hyperparameter search.R,early_stop,single,,,,"","",long_reporting.nncl.cells;long_reporting.nncl_numeric.cells;keras.check
baseline.bccnn.grid,8,baseline,"","","","",analysis/03_bCCNN/bCCNN grid fit.R,"",queue,8,20,8,data/processed/quick/baseline,^bccnn_grid_fit_.*[.]rds$,baseline.triangles;baseline.bccnn.fit.rolling_origin_refit;keras.check;baseline.bccnn.grid.benchmark
baseline.bccnn.grid.analysis,8,baseline,"","","","",analysis/03_bCCNN/bCCNN grid analysis.R,"",single,,,,"","",baseline.triangles;baseline.bccnn.grid
status.bccnn.grid,8,baseline,"","","","",analysis/06_final-run/final run status.R,status.bccnn.grid,single,,,,"","",baseline.bccnn.grid;status.nncl.cl_grid
si_calendar.bccnn.grid,8,si_calendar,"","","","",analysis/03_bCCNN/bCCNN grid fit.R,"",queue,8,20,8,data/processed/quick/si_calendar,^bccnn_grid_fit_.*[.]rds$,si_calendar.triangles;si_calendar.bccnn.fit.rolling_origin_refit;keras.check;si_calendar.bccnn.grid.benchmark
si_calendar.bccnn.grid.analysis,8,si_calendar,"","","","",analysis/03_bCCNN/bCCNN grid analysis.R,"",single,,,,"","",si_calendar.triangles;si_calendar.bccnn.grid
long_reporting.bccnn.grid,8,long_reporting,"","","","",analysis/03_bCCNN/bCCNN grid fit.R,"",queue,8,20,8,data/processed/quick/long_reporting,^bccnn_grid_fit_.*[.]rds$,long_reporting.triangles;long_reporting.bccnn.fit.rolling_origin_refit;keras.check;long_reporting.bccnn.grid.benchmark
long_reporting.bccnn.grid.analysis,8,long_reporting,"","","","",analysis/03_bCCNN/bCCNN grid analysis.R,"",single,,,,"","",long_reporting.triangles;long_reporting.bccnn.grid
baseline.timings.final,9,baseline,"","","","",analysis/06_final-run/final run timings.R,"",single,,,,"","",baseline.bccnn.fit.rolling_origin_refit;baseline.bccnn.fit.rolling_origin_partition;baseline.bccnn.fit.claims_split_refit;baseline.nncl.main;baseline.nncl_numeric.main;baseline.bccnn.search;baseline.bccnn.bootstrap.rolling_origin_refit;baseline.bccnn.bootstrap.rolling_origin_partition;baseline.bccnn.bootstrap.claims_split_refit;baseline.bccnn.masking;baseline.nncl.grid;baseline.nncl.cl_grid;baseline.nncl.search.cl_start;baseline.nncl.search.paper;baseline.nncl.search.early_stop;baseline.nncl_numeric.grid;baseline.nncl_numeric.cl_grid;baseline.nncl_numeric.search.cl_start;baseline.nncl_numeric.search.paper;baseline.nncl_numeric.search.early_stop;baseline.bccnn.grid;baseline.timings.stage3
si_calendar.timings.final,9,si_calendar,"","","","",analysis/06_final-run/final run timings.R,"",single,,,,"","",si_calendar.bccnn.fit.rolling_origin_refit;si_calendar.bccnn.fit.rolling_origin_partition;si_calendar.bccnn.fit.claims_split_refit;si_calendar.nncl.main;si_calendar.nncl_numeric.main;si_calendar.bccnn.search;si_calendar.bccnn.bootstrap.rolling_origin_refit;si_calendar.bccnn.bootstrap.rolling_origin_partition;si_calendar.bccnn.bootstrap.claims_split_refit;si_calendar.bccnn.masking;si_calendar.nncl.grid;si_calendar.nncl.cl_grid;si_calendar.nncl.search.cl_start;si_calendar.nncl.search.paper;si_calendar.nncl.search.early_stop;si_calendar.nncl_numeric.grid;si_calendar.nncl_numeric.cl_grid;si_calendar.nncl_numeric.search.cl_start;si_calendar.nncl_numeric.search.paper;si_calendar.nncl_numeric.search.early_stop;si_calendar.bccnn.grid;si_calendar.timings.stage3
long_reporting.timings.final,9,long_reporting,"","","","",analysis/06_final-run/final run timings.R,"",single,,,,"","",long_reporting.bccnn.fit.rolling_origin_refit;long_reporting.bccnn.fit.rolling_origin_partition;long_reporting.bccnn.fit.claims_split_refit;long_reporting.nncl.main;long_reporting.nncl_numeric.main;long_reporting.bccnn.search;long_reporting.bccnn.bootstrap.rolling_origin_refit;long_reporting.bccnn.bootstrap.rolling_origin_partition;long_reporting.bccnn.bootstrap.claims_split_refit;long_reporting.bccnn.masking;long_reporting.nncl.grid;long_reporting.nncl.cl_grid;long_reporting.nncl.search.cl_start;long_reporting.nncl.search.paper;long_reporting.nncl.search.early_stop;long_reporting.nncl_numeric.grid;long_reporting.nncl_numeric.cl_grid;long_reporting.nncl_numeric.search.cl_start;long_reporting.nncl_numeric.search.paper;long_reporting.nncl_numeric.search.early_stop;long_reporting.bccnn.grid;long_reporting.timings.stage3
status.final,9,baseline,"","","","",analysis/06_final-run/final run status.R,status.final,single,,,,"","",keras.check;baseline.simulation;baseline.fingerprint;baseline.triangles;baseline.nncl.cells;baseline.nncl_numeric.cells;baseline.description;baseline.features;baseline.mack;baseline.odp;baseline.bccnn.fit.rolling_origin_refit;baseline.bccnn.fit.rolling_origin_partition;baseline.bccnn.fit.claims_split_refit;baseline.nncl.main;baseline.nncl.main.analysis;baseline.nncl_numeric.main;baseline.nncl_numeric.main.analysis;baseline.bccnn.partitions;baseline.nncl.partition;baseline.bccnn.search;baseline.bccnn.bootstrap.rolling_origin_refit;baseline.bccnn.bootstrap.rolling_origin_refit.analysis;baseline.bccnn.bootstrap.rolling_origin_partition;baseline.bccnn.bootstrap.rolling_origin_partition.analysis;baseline.bccnn.bootstrap.claims_split_refit;baseline.bccnn.bootstrap.claims_split_refit.analysis;baseline.bccnn.masking;baseline.bccnn.masking.analysis;baseline.timings.stage3;baseline.nncl.grid;baseline.nncl.grid.analysis;status.nncl.grid;baseline.nncl.cl_grid;baseline.nncl.cl_grid.analysis;status.nncl.cl_grid;baseline.nncl.search.cl_start;baseline.nncl.search.paper;baseline.nncl.search.early_stop;baseline.nncl_numeric.grid;baseline.nncl_numeric.grid.analysis;baseline.nncl_numeric.cl_grid;baseline.nncl_numeric.cl_grid.analysis;baseline.nncl_numeric.search.cl_start;baseline.nncl_numeric.search.paper;baseline.nncl_numeric.search.early_stop;baseline.nncl.age_coding;baseline.bccnn.grid;baseline.bccnn.grid.analysis;status.bccnn.grid;baseline.timings.final;si_calendar.simulation;si_calendar.fingerprint;si_calendar.triangles;si_calendar.nncl.cells;si_calendar.nncl_numeric.cells;si_calendar.description;si_calendar.features;si_calendar.mack;si_calendar.odp;si_calendar.bccnn.fit.rolling_origin_refit;si_calendar.bccnn.fit.rolling_origin_partition;si_calendar.bccnn.fit.claims_split_refit;si_calendar.nncl.main;si_calendar.nncl.main.analysis;si_calendar.nncl_numeric.main;si_calendar.nncl_numeric.main.analysis;si_calendar.bccnn.partitions;si_calendar.nncl.partition;si_calendar.bccnn.search;si_calendar.bccnn.bootstrap.rolling_origin_refit;si_calendar.bccnn.bootstrap.rolling_origin_refit.analysis;si_calendar.bccnn.bootstrap.rolling_origin_partition;si_calendar.bccnn.bootstrap.rolling_origin_partition.analysis;si_calendar.bccnn.bootstrap.claims_split_refit;si_calendar.bccnn.bootstrap.claims_split_refit.analysis;si_calendar.bccnn.masking;si_calendar.bccnn.masking.analysis;si_calendar.timings.stage3;si_calendar.nncl.grid;si_calendar.nncl.grid.analysis;si_calendar.nncl.cl_grid;si_calendar.nncl.cl_grid.analysis;si_calendar.nncl.search.cl_start;si_calendar.nncl.search.paper;si_calendar.nncl.search.early_stop;si_calendar.nncl_numeric.grid;si_calendar.nncl_numeric.grid.analysis;si_calendar.nncl_numeric.cl_grid;si_calendar.nncl_numeric.cl_grid.analysis;si_calendar.nncl_numeric.search.cl_start;si_calendar.nncl_numeric.search.paper;si_calendar.nncl_numeric.search.early_stop;si_calendar.nncl.age_coding;si_calendar.bccnn.grid;si_calendar.bccnn.grid.analysis;si_calendar.timings.final;long_reporting.simulation;long_reporting.fingerprint;long_reporting.triangles;long_reporting.nncl.cells;long_reporting.nncl_numeric.cells;long_reporting.description;long_reporting.features;long_reporting.mack;long_reporting.odp;long_reporting.bccnn.fit.rolling_origin_refit;long_reporting.bccnn.fit.rolling_origin_partition;long_reporting.bccnn.fit.claims_split_refit;long_reporting.nncl.main;long_reporting.nncl.main.analysis;long_reporting.nncl_numeric.main;long_reporting.nncl_numeric.main.analysis;long_reporting.bccnn.partitions;long_reporting.nncl.partition;long_reporting.bccnn.search;long_reporting.bccnn.bootstrap.rolling_origin_refit;long_reporting.bccnn.bootstrap.rolling_origin_refit.analysis;long_reporting.bccnn.bootstrap.rolling_origin_partition;long_reporting.bccnn.bootstrap.rolling_origin_partition.analysis;long_reporting.bccnn.bootstrap.claims_split_refit;long_reporting.bccnn.bootstrap.claims_split_refit.analysis;long_reporting.bccnn.masking;long_reporting.bccnn.masking.analysis;long_reporting.timings.stage3;long_reporting.nncl.grid;long_reporting.nncl.grid.analysis;long_reporting.nncl.cl_grid;long_reporting.nncl.cl_grid.analysis;long_reporting.nncl.search.cl_start;long_reporting.nncl.search.paper;long_reporting.nncl.search.early_stop;long_reporting.nncl_numeric.grid;long_reporting.nncl_numeric.grid.analysis;long_reporting.nncl_numeric.cl_grid;long_reporting.nncl_numeric.cl_grid.analysis;long_reporting.nncl_numeric.search.cl_start;long_reporting.nncl_numeric.search.paper;long_reporting.nncl_numeric.search.early_stop;long_reporting.nncl.age_coding;long_reporting.bccnn.grid;long_reporting.bccnn.grid.analysis;long_reporting.timings.final;baseline.bccnn.bootstrap.rolling_origin_refit.benchmark;baseline.bccnn.bootstrap.rolling_origin_partition.benchmark;baseline.bccnn.bootstrap.claims_split_refit.benchmark;baseline.bccnn.masking.benchmark;baseline.nncl.grid.benchmark;baseline.nncl.cl_grid.benchmark;baseline.nncl_numeric.grid.benchmark;baseline.nncl_numeric.cl_grid.benchmark;baseline.bccnn.grid.benchmark;si_calendar.bccnn.bootstrap.rolling_origin_refit.benchmark;si_calendar.bccnn.bootstrap.rolling_origin_partition.benchmark;si_calendar.bccnn.bootstrap.claims_split_refit.benchmark;si_calendar.bccnn.masking.benchmark;si_calendar.nncl.grid.benchmark;si_calendar.nncl.cl_grid.benchmark;si_calendar.nncl_numeric.grid.benchmark;si_calendar.nncl_numeric.cl_grid.benchmark;si_calendar.bccnn.grid.benchmark;long_reporting.bccnn.bootstrap.rolling_origin_refit.benchmark;long_reporting.bccnn.bootstrap.rolling_origin_partition.benchmark;long_reporting.bccnn.bootstrap.claims_split_refit.benchmark;long_reporting.bccnn.masking.benchmark;long_reporting.nncl.grid.benchmark;long_reporting.nncl.cl_grid.benchmark;long_reporting.nncl_numeric.grid.benchmark;long_reporting.nncl_numeric.cl_grid.benchmark;long_reporting.bccnn.grid.benchmark;status.benchmark
