quantity,value
true reserves,17502.7557128152
CL reserves (ccODP),17968.0706888733
bCCNN reserves,17965.9534053803
bias CL,465.314976058133
bias bCCNN,463.197692565042
bias CL (%),2.65852408439569
bias bCCNN (%),2.6464272264618
in-sample loss ccODP,460.602706551425
in-sample loss bCCNN,460.626137056688
out-of-sample loss ccODP,552.601744207933
out-of-sample loss bCCNN,552.526092701956
dispersion ccODP,2.6935830792481
dispersion bCCNN,2.67598620214829
gradient descent steps,663
payments after the last development period (not modelled),1354.69353822824
amounts in units of,1e+06
