origin,latest,true,CL,bCCNN,bias_CL,bias_bCCNN
1,3607.75653409433,0,0,0,0,0
2,3599.25831343695,20.9159603458936,7.80194193013246,7.7853422164917,-13.1140184157611,-13.1306181294019
3,4036.43209769268,24.3475802209863,25.9426883389195,25.902642250061,1.59510811793317,1.55506202907473
4,3832.76828785667,44.3781757629291,37.0244584117464,36.9667749404907,-7.35371735118277,-7.41140082243842
5,3692.23196513123,61.4285959282661,53.0162186191228,52.9420595169068,-8.4123773091433,-8.48653641135935
6,3933.34279874247,81.7632699738902,80.7590787752618,80.6597833633423,-1.00419119862838,-1.10348661054789
7,3970.2722755095,104.113267533574,112.965159386656,112.848750114441,8.85189185308268,8.73548258086738
8,3900.18653834289,127.834317913129,148.671672528825,148.547094345093,20.8373546156952,20.7127764319634
9,3997.01273709604,156.979587976639,203.953740560929,203.820919036865,46.9741525842904,46.8413310602263
10,4106.61921130637,265.817653589125,267.862790124487,267.71984577179,2.04513653536145,1.90219218266446
11,4089.21149643407,273.830303568877,351.656688761529,351.528684616089,77.826385192652,77.698381047212
12,4018.44688714669,434.33196487236,448.724072744341,448.624835968018,14.3921078719818,14.292871095658
13,4010.78564272899,507.640040244277,586.615896896908,586.545412063599,78.9758566526312,78.9053718193216
14,3876.18277250315,766.475972378409,766.255030767367,766.240219116211,-0.220941611042804,-0.2357532621985
15,3734.65221893122,978.59376014488,1028.9267168869,1028.94532299042,50.3329567420173,50.3515628455372
16,3363.50161681633,1320.31727070729,1335.06826049487,1335.17941570282,14.75098978758,14.8621449955335
17,2987.95744052702,1837.19162499021,1814.90837799816,1814.99349498749,-22.283246992052,-22.1981300027269
18,2448.69162005519,2512.34704479373,2506.79755945522,2506.70911979675,-5.54948533850848,-5.63792499697547
19,1652.50035753354,3340.86529177689,3562.55356076716,3561.95925521851,221.688268990265,221.093963441615
20,484.625321519741,4643.58403009385,4628.56677542481,4628.03443336487,-15.0172546690383,-15.5495967289835
total,69342.4361334051,17502.7557128152,17968.0706888733,17965.9534053803,465.314976058134,463.197692565042
