AY,T0,T1,T2,T3,T4,T5,T6,T7,T8,T9,T10,T11,T12,T13,T14,T15,T16,T17,T18,T19,T20,reported,unreported
1,8498,4989,2057,1220,779,569,373,307,228,166,158,118,97,75,67,60,33,37,26,29,,19886,187
2,8226,4885,2085,1251,801,598,406,287,241,180,148,119,100,90,63,50,49,37,20,,,19636,211
3,8221,4895,2048,1206,756,590,408,320,225,144,138,106,94,83,72,61,53,35,,,,19455,268
4,8325,4909,2033,1260,808,537,387,328,247,190,144,95,85,82,56,57,49,,,,,19592,313
5,8457,4943,2090,1195,802,588,385,312,196,174,158,132,96,80,59,54,,,,,,19721,349
6,8503,4955,2084,1221,819,571,422,276,240,173,154,114,90,77,58,,,,,,,19757,388
7,8410,4968,2082,1169,755,526,413,314,249,180,145,96,107,85,,,,,,,,19499,449
8,8329,5047,2045,1164,833,549,387,322,208,169,157,122,89,,,,,,,,,19421,511
9,8285,4829,2083,1244,858,571,427,327,255,161,148,114,,,,,,,,,,19302,640
10,8362,5005,2056,1173,794,576,404,306,218,194,165,,,,,,,,,,,19253,715
11,8304,4988,2103,1150,762,530,399,304,235,160,,,,,,,,,,,,18935,912
12,8520,4994,2127,1252,730,544,361,327,230,,,,,,,,,,,,,19085,1105
13,8323,5034,2015,1276,811,585,409,333,,,,,,,,,,,,,,18786,1301
14,8393,4975,2088,1214,852,528,382,,,,,,,,,,,,,,,18432,1598
15,8428,4864,2031,1171,797,640,,,,,,,,,,,,,,,,17931,1955
16,8405,4995,2106,1204,789,,,,,,,,,,,,,,,,,17499,2482
17,8390,4861,2095,1270,,,,,,,,,,,,,,,,,,16616,3360
18,8241,4801,2102,,,,,,,,,,,,,,,,,,,15144,4599
19,8394,4997,,,,,,,,,,,,,,,,,,,,13391,6615
20,8572,,,,,,,,,,,,,,,,,,,,,8572,11697
