dev,cl_factor,cl_factor_true,link_min,link_max,paid_pct_cl,paid_pct_true,incr_pct_true
1,2.70640200260627,2.7145637123272,2.60214840078279,3.12368642655319,16.0224789324592,15.8583584407862,15.8583584407862
2,1.39478652666152,1.39709066388024,1.33866317231997,1.42848836025382,43.3632690695243,43.048524360436,27.1901659196498
3,1.18011207645534,1.18724274869342,1.16799261861683,1.22182080472684,60.4825034501708,60.1426914777861,17.09416711735
4,1.10674726851433,1.10420554156202,1.08548961936837,1.12265797078614,71.3761327357984,71.4039743439073,11.2612828661213
5,1.06774281138749,1.06859377001022,1.05848886259469,1.09067049336345,78.995339942461,78.8446641600947,7.44068981618742
6,1.04074737082724,1.04108769524117,1.03240551011658,1.05337366279489,84.3467063566735,84.2529169200256,5.4082527599309
7,1.03153413473773,1.02887864782966,1.02474974755239,1.04055010124368,87.7836128786452,87.7146750936152,3.46175817358953
8,1.02399780794949,1.02318948567866,1.01285823017135,1.03845666957713,90.5517931549255,90.2477563051367,2.53308121152155
9,1.01539097455404,1.01707184407018,1.0072990463123,1.03033157708596,92.7248376965393,92.3405553575055,2.09279905236875
10,1.0190464364475,1.01427236767989,1.00892460549322,1.03804006203897,94.1519633140543,93.9169789199225,1.57642356241706
11,1.00725332687115,1.00861184270874,1.00449189982311,1.0144952063172,95.9452226997229,95.2573965744526,1.34041765453004
12,1.00865174772352,1.00859759192607,1.00208178532907,1.01616470380969,96.6411447616891,96.0777382905956,0.820341716143062
13,1.00666036875156,1.00662489109791,1.0013439037567,1.01220921001031,97.4772595658792,96.903775477598,0.826037187002399
14,1.00366627953494,1.00509546442081,1.00162103366609,1.00713243669563,98.1264940594795,97.5457524371132,0.641976959515219
15,1.00313784276852,1.00545800314248,1.000360621245,1.01012572686114,98.4862532164851,98.0427933480574,0.497040910944193
16,1.00411687305447,1.00110706586605,1.00234931960457,1.00869779381286,98.7952875939386,98.5779112222482,0.535117874190732
17,1.0078698206362,1.00408573738293,1.00021250647173,1.02397575745883,99.202015251343,98.6870434629088,0.109132240660642
18,1.00003033723653,1.00085704666446,1,1.00006607711241,99.9827173181207,99.0902528055962,0.403209342687362
19,1.00014251513302,1.00057877854024,1.00014251513302,1.00014251513302,99.9857505174645,99.175177776244,0.0849249706477906
20,,,,,100,99.2325782408655,0.0574004646215798
