claim_no,AY,claim_size,ultimate,claim_size_raw,raw_rank,sev_relativity,setldel,no_payment,Legal Representation,Injury Severity,Age of Claimant,Vehicle type,Business use,status
54892,3,307951599.514676,561133792.078111,3027273.87047193,129,101.725715178412,0.969773941073087,9,Y,5,0-15,Heavy goods,Y,closed
215608,11,44209979.3398133,277933205.318003,869199.676055863,9768,50.8628575892059,0.940092192022651,8,Y,4,30-50,Heavy goods,Y,closed
5833,1,40448759.2228627,46825839.0628378,3595919.41987876,50,11.2485165822282,0.796254695012731,9,Y,4,15-30,Light Commerical,N,closed
180224,10,38600519.090292,307860979.535256,1979774.85134203,772,19.4974287425289,3.53611738330129,16,Y,4,15-30,Medium goods,Y,closed
333474,17,38014817.168863,614402208.798076,597918.700925376,22099,63.5785719865074,0.522663476858174,11,Y,4,0-15,Heavy goods,Y,closed
154390,8,34733674.0746744,244608127.503864,682888.766400053,16922,50.8628575892059,4.51359222675671,5,Y,4,30-50,Heavy goods,Y,closed
57288,3,34208896.7641568,98538964.8612708,2185856.63002748,518,15.650110027448,4.20993467082368,11,Y,5,30-50,Light Commerical,N,closed
4407,1,33909783.3022861,44551028.6281983,1449327.14590549,2320,23.3969144910347,1.63625624722026,6,Y,5,15-30,Light Commerical,Y,closed
235666,12,33024395.0614052,270125226.687235,2705346.34920689,215,12.2070858214094,2.23065641138742,5,Y,2,30-50,Heavy goods,Y,closed
2701,1,29688206.3017261,49705646.5652335,12646644.3365392,1,2.3475165041172,2.33154411277397,7,Y,2,30-50,Light Commerical,N,closed
